ID,image,target
1,../Data\Crazing\Cr_1.bmp,Crazing
2,../Data\Crazing\Cr_10.bmp,Crazing
3,../Data\Crazing\Cr_100.bmp,Crazing
4,../Data\Crazing\Cr_101.bmp,Crazing
5,../Data\Crazing\Cr_102.bmp,Crazing
6,../Data\Crazing\Cr_103.bmp,Crazing
7,../Data\Crazing\Cr_104.bmp,Crazing
8,../Data\Crazing\Cr_105.bmp,Crazing
9,../Data\Crazing\Cr_106.bmp,Crazing
10,../Data\Crazing\Cr_107.bmp,Crazing
11,../Data\Crazing\Cr_108.bmp,Crazing
12,../Data\Crazing\Cr_109.bmp,Crazing
13,../Data\Crazing\Cr_11.bmp,Crazing
14,../Data\Crazing\Cr_110.bmp,Crazing
15,../Data\Crazing\Cr_111.bmp,Crazing
16,../Data\Crazing\Cr_112.bmp,Crazing
17,../Data\Crazing\Cr_113.bmp,Crazing
18,../Data\Crazing\Cr_114.bmp,Crazing
19,../Data\Crazing\Cr_115.bmp,Crazing
20,../Data\Crazing\Cr_116.bmp,Crazing
21,../Data\Crazing\Cr_117.bmp,Crazing
22,../Data\Crazing\Cr_118.bmp,Crazing
23,../Data\Crazing\Cr_119.bmp,Crazing
24,../Data\Crazing\Cr_12.bmp,Crazing
25,../Data\Crazing\Cr_120.bmp,Crazing
26,../Data\Crazing\Cr_121.bmp,Crazing
27,../Data\Crazing\Cr_122.bmp,Crazing
28,../Data\Crazing\Cr_123.bmp,Crazing
29,../Data\Crazing\Cr_124.bmp,Crazing
30,../Data\Crazing\Cr_125.bmp,Crazing
31,../Data\Crazing\Cr_126.bmp,Crazing
32,../Data\Crazing\Cr_127.bmp,Crazing
33,../Data\Crazing\Cr_128.bmp,Crazing
34,../Data\Crazing\Cr_129.bmp,Crazing
35,../Data\Crazing\Cr_13.bmp,Crazing
36,../Data\Crazing\Cr_130.bmp,Crazing
37,../Data\Crazing\Cr_131.bmp,Crazing
38,../Data\Crazing\Cr_132.bmp,Crazing
39,../Data\Crazing\Cr_133.bmp,Crazing
40,../Data\Crazing\Cr_134.bmp,Crazing
41,../Data\Crazing\Cr_135.bmp,Crazing
42,../Data\Crazing\Cr_136.bmp,Crazing
43,../Data\Crazing\Cr_137.bmp,Crazing
44,../Data\Crazing\Cr_138.bmp,Crazing
45,../Data\Crazing\Cr_139.bmp,Crazing
46,../Data\Crazing\Cr_14.bmp,Crazing
47,../Data\Crazing\Cr_140.bmp,Crazing
48,../Data\Crazing\Cr_141.bmp,Crazing
49,../Data\Crazing\Cr_142.bmp,Crazing
50,../Data\Crazing\Cr_143.bmp,Crazing
51,../Data\Crazing\Cr_144.bmp,Crazing
52,../Data\Crazing\Cr_145.bmp,Crazing
53,../Data\Crazing\Cr_146.bmp,Crazing
54,../Data\Crazing\Cr_147.bmp,Crazing
55,../Data\Crazing\Cr_148.bmp,Crazing
56,../Data\Crazing\Cr_149.bmp,Crazing
57,../Data\Crazing\Cr_15.bmp,Crazing
58,../Data\Crazing\Cr_150.bmp,Crazing
59,../Data\Crazing\Cr_151.bmp,Crazing
60,../Data\Crazing\Cr_152.bmp,Crazing
61,../Data\Crazing\Cr_153.bmp,Crazing
62,../Data\Crazing\Cr_154.bmp,Crazing
63,../Data\Crazing\Cr_155.bmp,Crazing
64,../Data\Crazing\Cr_156.bmp,Crazing
65,../Data\Crazing\Cr_157.bmp,Crazing
66,../Data\Crazing\Cr_158.bmp,Crazing
67,../Data\Crazing\Cr_159.bmp,Crazing
68,../Data\Crazing\Cr_16.bmp,Crazing
69,../Data\Crazing\Cr_160.bmp,Crazing
70,../Data\Crazing\Cr_161.bmp,Crazing
71,../Data\Crazing\Cr_162.bmp,Crazing
72,../Data\Crazing\Cr_163.bmp,Crazing
73,../Data\Crazing\Cr_164.bmp,Crazing
74,../Data\Crazing\Cr_165.bmp,Crazing
75,../Data\Crazing\Cr_166.bmp,Crazing
76,../Data\Crazing\Cr_167.bmp,Crazing
77,../Data\Crazing\Cr_168.bmp,Crazing
78,../Data\Crazing\Cr_169.bmp,Crazing
79,../Data\Crazing\Cr_17.bmp,Crazing
80,../Data\Crazing\Cr_170.bmp,Crazing
81,../Data\Crazing\Cr_171.bmp,Crazing
82,../Data\Crazing\Cr_172.bmp,Crazing
83,../Data\Crazing\Cr_173.bmp,Crazing
84,../Data\Crazing\Cr_174.bmp,Crazing
85,../Data\Crazing\Cr_175.bmp,Crazing
86,../Data\Crazing\Cr_176.bmp,Crazing
87,../Data\Crazing\Cr_177.bmp,Crazing
88,../Data\Crazing\Cr_178.bmp,Crazing
89,../Data\Crazing\Cr_179.bmp,Crazing
90,../Data\Crazing\Cr_18.bmp,Crazing
91,../Data\Crazing\Cr_180.bmp,Crazing
92,../Data\Crazing\Cr_181.bmp,Crazing
93,../Data\Crazing\Cr_182.bmp,Crazing
94,../Data\Crazing\Cr_183.bmp,Crazing
95,../Data\Crazing\Cr_184.bmp,Crazing
96,../Data\Crazing\Cr_185.bmp,Crazing
97,../Data\Crazing\Cr_186.bmp,Crazing
98,../Data\Crazing\Cr_187.bmp,Crazing
99,../Data\Crazing\Cr_188.bmp,Crazing
100,../Data\Crazing\Cr_189.bmp,Crazing
101,../Data\Crazing\Cr_19.bmp,Crazing
102,../Data\Crazing\Cr_190.bmp,Crazing
103,../Data\Crazing\Cr_191.bmp,Crazing
104,../Data\Crazing\Cr_192.bmp,Crazing
105,../Data\Crazing\Cr_193.bmp,Crazing
106,../Data\Crazing\Cr_194.bmp,Crazing
107,../Data\Crazing\Cr_195.bmp,Crazing
108,../Data\Crazing\Cr_196.bmp,Crazing
109,../Data\Crazing\Cr_197.bmp,Crazing
110,../Data\Crazing\Cr_198.bmp,Crazing
111,../Data\Crazing\Cr_199.bmp,Crazing
112,../Data\Crazing\Cr_2.bmp,Crazing
113,../Data\Crazing\Cr_20.bmp,Crazing
114,../Data\Crazing\Cr_200.bmp,Crazing
115,../Data\Crazing\Cr_201.bmp,Crazing
116,../Data\Crazing\Cr_202.bmp,Crazing
117,../Data\Crazing\Cr_203.bmp,Crazing
118,../Data\Crazing\Cr_204.bmp,Crazing
119,../Data\Crazing\Cr_205.bmp,Crazing
120,../Data\Crazing\Cr_206.bmp,Crazing
121,../Data\Crazing\Cr_207.bmp,Crazing
122,../Data\Crazing\Cr_208.bmp,Crazing
123,../Data\Crazing\Cr_209.bmp,Crazing
124,../Data\Crazing\Cr_21.bmp,Crazing
125,../Data\Crazing\Cr_210.bmp,Crazing
126,../Data\Crazing\Cr_211.bmp,Crazing
127,../Data\Crazing\Cr_212.bmp,Crazing
128,../Data\Crazing\Cr_213.bmp,Crazing
129,../Data\Crazing\Cr_214.bmp,Crazing
130,../Data\Crazing\Cr_215.bmp,Crazing
131,../Data\Crazing\Cr_216.bmp,Crazing
132,../Data\Crazing\Cr_217.bmp,Crazing
133,../Data\Crazing\Cr_218.bmp,Crazing
134,../Data\Crazing\Cr_219.bmp,Crazing
135,../Data\Crazing\Cr_22.bmp,Crazing
136,../Data\Crazing\Cr_220.bmp,Crazing
137,../Data\Crazing\Cr_221.bmp,Crazing
138,../Data\Crazing\Cr_222.bmp,Crazing
139,../Data\Crazing\Cr_223.bmp,Crazing
140,../Data\Crazing\Cr_224.bmp,Crazing
141,../Data\Crazing\Cr_225.bmp,Crazing
142,../Data\Crazing\Cr_226.bmp,Crazing
143,../Data\Crazing\Cr_227.bmp,Crazing
144,../Data\Crazing\Cr_228.bmp,Crazing
145,../Data\Crazing\Cr_229.bmp,Crazing
146,../Data\Crazing\Cr_23.bmp,Crazing
147,../Data\Crazing\Cr_230.bmp,Crazing
148,../Data\Crazing\Cr_231.bmp,Crazing
149,../Data\Crazing\Cr_232.bmp,Crazing
150,../Data\Crazing\Cr_233.bmp,Crazing
151,../Data\Crazing\Cr_234.bmp,Crazing
152,../Data\Crazing\Cr_235.bmp,Crazing
153,../Data\Crazing\Cr_236.bmp,Crazing
154,../Data\Crazing\Cr_237.bmp,Crazing
155,../Data\Crazing\Cr_238.bmp,Crazing
156,../Data\Crazing\Cr_239.bmp,Crazing
157,../Data\Crazing\Cr_24.bmp,Crazing
158,../Data\Crazing\Cr_240.bmp,Crazing
159,../Data\Crazing\Cr_241.bmp,Crazing
160,../Data\Crazing\Cr_242.bmp,Crazing
161,../Data\Crazing\Cr_243.bmp,Crazing
162,../Data\Crazing\Cr_244.bmp,Crazing
163,../Data\Crazing\Cr_245.bmp,Crazing
164,../Data\Crazing\Cr_246.bmp,Crazing
165,../Data\Crazing\Cr_247.bmp,Crazing
166,../Data\Crazing\Cr_248.bmp,Crazing
167,../Data\Crazing\Cr_249.bmp,Crazing
168,../Data\Crazing\Cr_25.bmp,Crazing
169,../Data\Crazing\Cr_250.bmp,Crazing
170,../Data\Crazing\Cr_251.bmp,Crazing
171,../Data\Crazing\Cr_252.bmp,Crazing
172,../Data\Crazing\Cr_253.bmp,Crazing
173,../Data\Crazing\Cr_254.bmp,Crazing
174,../Data\Crazing\Cr_255.bmp,Crazing
175,../Data\Crazing\Cr_256.bmp,Crazing
176,../Data\Crazing\Cr_257.bmp,Crazing
177,../Data\Crazing\Cr_258.bmp,Crazing
178,../Data\Crazing\Cr_259.bmp,Crazing
179,../Data\Crazing\Cr_26.bmp,Crazing
180,../Data\Crazing\Cr_260.bmp,Crazing
181,../Data\Crazing\Cr_261.bmp,Crazing
182,../Data\Crazing\Cr_262.bmp,Crazing
183,../Data\Crazing\Cr_263.bmp,Crazing
184,../Data\Crazing\Cr_264.bmp,Crazing
185,../Data\Crazing\Cr_265.bmp,Crazing
186,../Data\Crazing\Cr_266.bmp,Crazing
187,../Data\Crazing\Cr_267.bmp,Crazing
188,../Data\Crazing\Cr_268.bmp,Crazing
189,../Data\Crazing\Cr_269.bmp,Crazing
190,../Data\Crazing\Cr_27.bmp,Crazing
191,../Data\Crazing\Cr_270.bmp,Crazing
192,../Data\Crazing\Cr_271.bmp,Crazing
193,../Data\Crazing\Cr_272.bmp,Crazing
194,../Data\Crazing\Cr_273.bmp,Crazing
195,../Data\Crazing\Cr_274.bmp,Crazing
196,../Data\Crazing\Cr_275.bmp,Crazing
197,../Data\Crazing\Cr_276.bmp,Crazing
198,../Data\Crazing\Cr_277.bmp,Crazing
199,../Data\Crazing\Cr_278.bmp,Crazing
200,../Data\Crazing\Cr_279.bmp,Crazing
201,../Data\Crazing\Cr_28.bmp,Crazing
202,../Data\Crazing\Cr_280.bmp,Crazing
203,../Data\Crazing\Cr_281.bmp,Crazing
204,../Data\Crazing\Cr_282.bmp,Crazing
205,../Data\Crazing\Cr_283.bmp,Crazing
206,../Data\Crazing\Cr_284.bmp,Crazing
207,../Data\Crazing\Cr_285.bmp,Crazing
208,../Data\Crazing\Cr_286.bmp,Crazing
209,../Data\Crazing\Cr_287.bmp,Crazing
210,../Data\Crazing\Cr_288.bmp,Crazing
211,../Data\Crazing\Cr_289.bmp,Crazing
212,../Data\Crazing\Cr_29.bmp,Crazing
213,../Data\Crazing\Cr_290.bmp,Crazing
214,../Data\Crazing\Cr_291.bmp,Crazing
215,../Data\Crazing\Cr_292.bmp,Crazing
216,../Data\Crazing\Cr_293.bmp,Crazing
217,../Data\Crazing\Cr_294.bmp,Crazing
218,../Data\Crazing\Cr_295.bmp,Crazing
219,../Data\Crazing\Cr_296.bmp,Crazing
220,../Data\Crazing\Cr_297.bmp,Crazing
221,../Data\Crazing\Cr_298.bmp,Crazing
222,../Data\Crazing\Cr_299.bmp,Crazing
223,../Data\Crazing\Cr_3.bmp,Crazing
224,../Data\Crazing\Cr_30.bmp,Crazing
225,../Data\Crazing\Cr_300.bmp,Crazing
226,../Data\Crazing\Cr_31.bmp,Crazing
227,../Data\Crazing\Cr_32.bmp,Crazing
228,../Data\Crazing\Cr_33.bmp,Crazing
229,../Data\Crazing\Cr_34.bmp,Crazing
230,../Data\Crazing\Cr_35.bmp,Crazing
231,../Data\Crazing\Cr_36.bmp,Crazing
232,../Data\Crazing\Cr_37.bmp,Crazing
233,../Data\Crazing\Cr_38.bmp,Crazing
234,../Data\Crazing\Cr_39.bmp,Crazing
235,../Data\Crazing\Cr_4.bmp,Crazing
236,../Data\Crazing\Cr_40.bmp,Crazing
237,../Data\Crazing\Cr_41.bmp,Crazing
238,../Data\Crazing\Cr_42.bmp,Crazing
239,../Data\Crazing\Cr_43.bmp,Crazing
240,../Data\Crazing\Cr_44.bmp,Crazing
241,../Data\Crazing\Cr_45.bmp,Crazing
242,../Data\Crazing\Cr_46.bmp,Crazing
243,../Data\Crazing\Cr_47.bmp,Crazing
244,../Data\Crazing\Cr_48.bmp,Crazing
245,../Data\Crazing\Cr_49.bmp,Crazing
246,../Data\Crazing\Cr_5.bmp,Crazing
247,../Data\Crazing\Cr_50.bmp,Crazing
248,../Data\Crazing\Cr_51.bmp,Crazing
249,../Data\Crazing\Cr_52.bmp,Crazing
250,../Data\Crazing\Cr_53.bmp,Crazing
251,../Data\Crazing\Cr_54.bmp,Crazing
252,../Data\Crazing\Cr_55.bmp,Crazing
253,../Data\Crazing\Cr_56.bmp,Crazing
254,../Data\Crazing\Cr_57.bmp,Crazing
255,../Data\Crazing\Cr_58.bmp,Crazing
256,../Data\Crazing\Cr_59.bmp,Crazing
257,../Data\Crazing\Cr_6.bmp,Crazing
258,../Data\Crazing\Cr_60.bmp,Crazing
259,../Data\Crazing\Cr_61.bmp,Crazing
260,../Data\Crazing\Cr_62.bmp,Crazing
261,../Data\Crazing\Cr_63.bmp,Crazing
262,../Data\Crazing\Cr_64.bmp,Crazing
263,../Data\Crazing\Cr_65.bmp,Crazing
264,../Data\Crazing\Cr_66.bmp,Crazing
265,../Data\Crazing\Cr_67.bmp,Crazing
266,../Data\Crazing\Cr_68.bmp,Crazing
267,../Data\Crazing\Cr_69.bmp,Crazing
268,../Data\Crazing\Cr_7.bmp,Crazing
269,../Data\Crazing\Cr_70.bmp,Crazing
270,../Data\Crazing\Cr_71.bmp,Crazing
271,../Data\Crazing\Cr_72.bmp,Crazing
272,../Data\Crazing\Cr_73.bmp,Crazing
273,../Data\Crazing\Cr_74.bmp,Crazing
274,../Data\Crazing\Cr_75.bmp,Crazing
275,../Data\Crazing\Cr_76.bmp,Crazing
276,../Data\Crazing\Cr_77.bmp,Crazing
277,../Data\Crazing\Cr_78.bmp,Crazing
278,../Data\Crazing\Cr_79.bmp,Crazing
279,../Data\Crazing\Cr_8.bmp,Crazing
280,../Data\Crazing\Cr_80.bmp,Crazing
281,../Data\Crazing\Cr_81.bmp,Crazing
282,../Data\Crazing\Cr_82.bmp,Crazing
283,../Data\Crazing\Cr_83.bmp,Crazing
284,../Data\Crazing\Cr_84.bmp,Crazing
285,../Data\Crazing\Cr_85.bmp,Crazing
286,../Data\Crazing\Cr_86.bmp,Crazing
287,../Data\Crazing\Cr_87.bmp,Crazing
288,../Data\Crazing\Cr_88.bmp,Crazing
289,../Data\Crazing\Cr_89.bmp,Crazing
290,../Data\Crazing\Cr_9.bmp,Crazing
291,../Data\Crazing\Cr_90.bmp,Crazing
292,../Data\Crazing\Cr_91.bmp,Crazing
293,../Data\Crazing\Cr_92.bmp,Crazing
294,../Data\Crazing\Cr_93.bmp,Crazing
295,../Data\Crazing\Cr_94.bmp,Crazing
296,../Data\Crazing\Cr_95.bmp,Crazing
297,../Data\Crazing\Cr_96.bmp,Crazing
298,../Data\Crazing\Cr_97.bmp,Crazing
299,../Data\Crazing\Cr_98.bmp,Crazing
300,../Data\Crazing\Cr_99.bmp,Crazing
301,../Data\Inclusion\In_1.bmp,Inclusion
302,../Data\Inclusion\In_10.bmp,Inclusion
303,../Data\Inclusion\In_100.bmp,Inclusion
304,../Data\Inclusion\In_101.bmp,Inclusion
305,../Data\Inclusion\In_102.bmp,Inclusion
306,../Data\Inclusion\In_103.bmp,Inclusion
307,../Data\Inclusion\In_104.bmp,Inclusion
308,../Data\Inclusion\In_105.bmp,Inclusion
309,../Data\Inclusion\In_106.bmp,Inclusion
310,../Data\Inclusion\In_107.bmp,Inclusion
311,../Data\Inclusion\In_108.bmp,Inclusion
312,../Data\Inclusion\In_109.bmp,Inclusion
313,../Data\Inclusion\In_11.bmp,Inclusion
314,../Data\Inclusion\In_110.bmp,Inclusion
315,../Data\Inclusion\In_111.bmp,Inclusion
316,../Data\Inclusion\In_112.bmp,Inclusion
317,../Data\Inclusion\In_113.bmp,Inclusion
318,../Data\Inclusion\In_114.bmp,Inclusion
319,../Data\Inclusion\In_115.bmp,Inclusion
320,../Data\Inclusion\In_116.bmp,Inclusion
321,../Data\Inclusion\In_117.bmp,Inclusion
322,../Data\Inclusion\In_118.bmp,Inclusion
323,../Data\Inclusion\In_119.bmp,Inclusion
324,../Data\Inclusion\In_12.bmp,Inclusion
325,../Data\Inclusion\In_120.bmp,Inclusion
326,../Data\Inclusion\In_121.bmp,Inclusion
327,../Data\Inclusion\In_122.bmp,Inclusion
328,../Data\Inclusion\In_123.bmp,Inclusion
329,../Data\Inclusion\In_124.bmp,Inclusion
330,../Data\Inclusion\In_125.bmp,Inclusion
331,../Data\Inclusion\In_126.bmp,Inclusion
332,../Data\Inclusion\In_127.bmp,Inclusion
333,../Data\Inclusion\In_128.bmp,Inclusion
334,../Data\Inclusion\In_129.bmp,Inclusion
335,../Data\Inclusion\In_13.bmp,Inclusion
336,../Data\Inclusion\In_130.bmp,Inclusion
337,../Data\Inclusion\In_131.bmp,Inclusion
338,../Data\Inclusion\In_132.bmp,Inclusion
339,../Data\Inclusion\In_133.bmp,Inclusion
340,../Data\Inclusion\In_134.bmp,Inclusion
341,../Data\Inclusion\In_135.bmp,Inclusion
342,../Data\Inclusion\In_136.bmp,Inclusion
343,../Data\Inclusion\In_137.bmp,Inclusion
344,../Data\Inclusion\In_138.bmp,Inclusion
345,../Data\Inclusion\In_139.bmp,Inclusion
346,../Data\Inclusion\In_14.bmp,Inclusion
347,../Data\Inclusion\In_140.bmp,Inclusion
348,../Data\Inclusion\In_141.bmp,Inclusion
349,../Data\Inclusion\In_142.bmp,Inclusion
350,../Data\Inclusion\In_143.bmp,Inclusion
351,../Data\Inclusion\In_144.bmp,Inclusion
352,../Data\Inclusion\In_145.bmp,Inclusion
353,../Data\Inclusion\In_146.bmp,Inclusion
354,../Data\Inclusion\In_147.bmp,Inclusion
355,../Data\Inclusion\In_148.bmp,Inclusion
356,../Data\Inclusion\In_149.bmp,Inclusion
357,../Data\Inclusion\In_15.bmp,Inclusion
358,../Data\Inclusion\In_150.bmp,Inclusion
359,../Data\Inclusion\In_151.bmp,Inclusion
360,../Data\Inclusion\In_152.bmp,Inclusion
361,../Data\Inclusion\In_153.bmp,Inclusion
362,../Data\Inclusion\In_154.bmp,Inclusion
363,../Data\Inclusion\In_155.bmp,Inclusion
364,../Data\Inclusion\In_156.bmp,Inclusion
365,../Data\Inclusion\In_157.bmp,Inclusion
366,../Data\Inclusion\In_158.bmp,Inclusion
367,../Data\Inclusion\In_159.bmp,Inclusion
368,../Data\Inclusion\In_16.bmp,Inclusion
369,../Data\Inclusion\In_160.bmp,Inclusion
370,../Data\Inclusion\In_161.bmp,Inclusion
371,../Data\Inclusion\In_162.bmp,Inclusion
372,../Data\Inclusion\In_163.bmp,Inclusion
373,../Data\Inclusion\In_164.bmp,Inclusion
374,../Data\Inclusion\In_165.bmp,Inclusion
375,../Data\Inclusion\In_166.bmp,Inclusion
376,../Data\Inclusion\In_167.bmp,Inclusion
377,../Data\Inclusion\In_168.bmp,Inclusion
378,../Data\Inclusion\In_169.bmp,Inclusion
379,../Data\Inclusion\In_17.bmp,Inclusion
380,../Data\Inclusion\In_170.bmp,Inclusion
381,../Data\Inclusion\In_171.bmp,Inclusion
382,../Data\Inclusion\In_172.bmp,Inclusion
383,../Data\Inclusion\In_173.bmp,Inclusion
384,../Data\Inclusion\In_174.bmp,Inclusion
385,../Data\Inclusion\In_175.bmp,Inclusion
386,../Data\Inclusion\In_176.bmp,Inclusion
387,../Data\Inclusion\In_177.bmp,Inclusion
388,../Data\Inclusion\In_178.bmp,Inclusion
389,../Data\Inclusion\In_179.bmp,Inclusion
390,../Data\Inclusion\In_18.bmp,Inclusion
391,../Data\Inclusion\In_180.bmp,Inclusion
392,../Data\Inclusion\In_181.bmp,Inclusion
393,../Data\Inclusion\In_182.bmp,Inclusion
394,../Data\Inclusion\In_183.bmp,Inclusion
395,../Data\Inclusion\In_184.bmp,Inclusion
396,../Data\Inclusion\In_185.bmp,Inclusion
397,../Data\Inclusion\In_186.bmp,Inclusion
398,../Data\Inclusion\In_187.bmp,Inclusion
399,../Data\Inclusion\In_188.bmp,Inclusion
400,../Data\Inclusion\In_189.bmp,Inclusion
401,../Data\Inclusion\In_19.bmp,Inclusion
402,../Data\Inclusion\In_190.bmp,Inclusion
403,../Data\Inclusion\In_191.bmp,Inclusion
404,../Data\Inclusion\In_192.bmp,Inclusion
405,../Data\Inclusion\In_193.bmp,Inclusion
406,../Data\Inclusion\In_194.bmp,Inclusion
407,../Data\Inclusion\In_195.bmp,Inclusion
408,../Data\Inclusion\In_196.bmp,Inclusion
409,../Data\Inclusion\In_197.bmp,Inclusion
410,../Data\Inclusion\In_198.bmp,Inclusion
411,../Data\Inclusion\In_199.bmp,Inclusion
412,../Data\Inclusion\In_2.bmp,Inclusion
413,../Data\Inclusion\In_20.bmp,Inclusion
414,../Data\Inclusion\In_200.bmp,Inclusion
415,../Data\Inclusion\In_201.bmp,Inclusion
416,../Data\Inclusion\In_202.bmp,Inclusion
417,../Data\Inclusion\In_203.bmp,Inclusion
418,../Data\Inclusion\In_204.bmp,Inclusion
419,../Data\Inclusion\In_205.bmp,Inclusion
420,../Data\Inclusion\In_206.bmp,Inclusion
421,../Data\Inclusion\In_207.bmp,Inclusion
422,../Data\Inclusion\In_208.bmp,Inclusion
423,../Data\Inclusion\In_209.bmp,Inclusion
424,../Data\Inclusion\In_21.bmp,Inclusion
425,../Data\Inclusion\In_210.bmp,Inclusion
426,../Data\Inclusion\In_211.bmp,Inclusion
427,../Data\Inclusion\In_212.bmp,Inclusion
428,../Data\Inclusion\In_213.bmp,Inclusion
429,../Data\Inclusion\In_214.bmp,Inclusion
430,../Data\Inclusion\In_215.bmp,Inclusion
431,../Data\Inclusion\In_216.bmp,Inclusion
432,../Data\Inclusion\In_217.bmp,Inclusion
433,../Data\Inclusion\In_218.bmp,Inclusion
434,../Data\Inclusion\In_219.bmp,Inclusion
435,../Data\Inclusion\In_22.bmp,Inclusion
436,../Data\Inclusion\In_220.bmp,Inclusion
437,../Data\Inclusion\In_221.bmp,Inclusion
438,../Data\Inclusion\In_222.bmp,Inclusion
439,../Data\Inclusion\In_223.bmp,Inclusion
440,../Data\Inclusion\In_224.bmp,Inclusion
441,../Data\Inclusion\In_225.bmp,Inclusion
442,../Data\Inclusion\In_226.bmp,Inclusion
443,../Data\Inclusion\In_227.bmp,Inclusion
444,../Data\Inclusion\In_228.bmp,Inclusion
445,../Data\Inclusion\In_229.bmp,Inclusion
446,../Data\Inclusion\In_23.bmp,Inclusion
447,../Data\Inclusion\In_230.bmp,Inclusion
448,../Data\Inclusion\In_231.bmp,Inclusion
449,../Data\Inclusion\In_232.bmp,Inclusion
450,../Data\Inclusion\In_233.bmp,Inclusion
451,../Data\Inclusion\In_234.bmp,Inclusion
452,../Data\Inclusion\In_235.bmp,Inclusion
453,../Data\Inclusion\In_236.bmp,Inclusion
454,../Data\Inclusion\In_237.bmp,Inclusion
455,../Data\Inclusion\In_238.bmp,Inclusion
456,../Data\Inclusion\In_239.bmp,Inclusion
457,../Data\Inclusion\In_24.bmp,Inclusion
458,../Data\Inclusion\In_240.bmp,Inclusion
459,../Data\Inclusion\In_241.bmp,Inclusion
460,../Data\Inclusion\In_242.bmp,Inclusion
461,../Data\Inclusion\In_243.bmp,Inclusion
462,../Data\Inclusion\In_244.bmp,Inclusion
463,../Data\Inclusion\In_245.bmp,Inclusion
464,../Data\Inclusion\In_246.bmp,Inclusion
465,../Data\Inclusion\In_247.bmp,Inclusion
466,../Data\Inclusion\In_248.bmp,Inclusion
467,../Data\Inclusion\In_249.bmp,Inclusion
468,../Data\Inclusion\In_25.bmp,Inclusion
469,../Data\Inclusion\In_250.bmp,Inclusion
470,../Data\Inclusion\In_251.bmp,Inclusion
471,../Data\Inclusion\In_252.bmp,Inclusion
472,../Data\Inclusion\In_253.bmp,Inclusion
473,../Data\Inclusion\In_254.bmp,Inclusion
474,../Data\Inclusion\In_255.bmp,Inclusion
475,../Data\Inclusion\In_256.bmp,Inclusion
476,../Data\Inclusion\In_257.bmp,Inclusion
477,../Data\Inclusion\In_258.bmp,Inclusion
478,../Data\Inclusion\In_259.bmp,Inclusion
479,../Data\Inclusion\In_26.bmp,Inclusion
480,../Data\Inclusion\In_260.bmp,Inclusion
481,../Data\Inclusion\In_261.bmp,Inclusion
482,../Data\Inclusion\In_262.bmp,Inclusion
483,../Data\Inclusion\In_263.bmp,Inclusion
484,../Data\Inclusion\In_264.bmp,Inclusion
485,../Data\Inclusion\In_265.bmp,Inclusion
486,../Data\Inclusion\In_266.bmp,Inclusion
487,../Data\Inclusion\In_267.bmp,Inclusion
488,../Data\Inclusion\In_268.bmp,Inclusion
489,../Data\Inclusion\In_269.bmp,Inclusion
490,../Data\Inclusion\In_27.bmp,Inclusion
491,../Data\Inclusion\In_270.bmp,Inclusion
492,../Data\Inclusion\In_271.bmp,Inclusion
493,../Data\Inclusion\In_272.bmp,Inclusion
494,../Data\Inclusion\In_273.bmp,Inclusion
495,../Data\Inclusion\In_274.bmp,Inclusion
496,../Data\Inclusion\In_275.bmp,Inclusion
497,../Data\Inclusion\In_276.bmp,Inclusion
498,../Data\Inclusion\In_277.bmp,Inclusion
499,../Data\Inclusion\In_278.bmp,Inclusion
500,../Data\Inclusion\In_279.bmp,Inclusion
501,../Data\Inclusion\In_28.bmp,Inclusion
502,../Data\Inclusion\In_280.bmp,Inclusion
503,../Data\Inclusion\In_281.bmp,Inclusion
504,../Data\Inclusion\In_282.bmp,Inclusion
505,../Data\Inclusion\In_283.bmp,Inclusion
506,../Data\Inclusion\In_284.bmp,Inclusion
507,../Data\Inclusion\In_285.bmp,Inclusion
508,../Data\Inclusion\In_286.bmp,Inclusion
509,../Data\Inclusion\In_287.bmp,Inclusion
510,../Data\Inclusion\In_288.bmp,Inclusion
511,../Data\Inclusion\In_289.bmp,Inclusion
512,../Data\Inclusion\In_29.bmp,Inclusion
513,../Data\Inclusion\In_290.bmp,Inclusion
514,../Data\Inclusion\In_291.bmp,Inclusion
515,../Data\Inclusion\In_292.bmp,Inclusion
516,../Data\Inclusion\In_293.bmp,Inclusion
517,../Data\Inclusion\In_294.bmp,Inclusion
518,../Data\Inclusion\In_295.bmp,Inclusion
519,../Data\Inclusion\In_296.bmp,Inclusion
520,../Data\Inclusion\In_297.bmp,Inclusion
521,../Data\Inclusion\In_298.bmp,Inclusion
522,../Data\Inclusion\In_299.bmp,Inclusion
523,../Data\Inclusion\In_3.bmp,Inclusion
524,../Data\Inclusion\In_30.bmp,Inclusion
525,../Data\Inclusion\In_300.bmp,Inclusion
526,../Data\Inclusion\In_31.bmp,Inclusion
527,../Data\Inclusion\In_32.bmp,Inclusion
528,../Data\Inclusion\In_33.bmp,Inclusion
529,../Data\Inclusion\In_34.bmp,Inclusion
530,../Data\Inclusion\In_35.bmp,Inclusion
531,../Data\Inclusion\In_36.bmp,Inclusion
532,../Data\Inclusion\In_37.bmp,Inclusion
533,../Data\Inclusion\In_38.bmp,Inclusion
534,../Data\Inclusion\In_39.bmp,Inclusion
535,../Data\Inclusion\In_4.bmp,Inclusion
536,../Data\Inclusion\In_40.bmp,Inclusion
537,../Data\Inclusion\In_41.bmp,Inclusion
538,../Data\Inclusion\In_42.bmp,Inclusion
539,../Data\Inclusion\In_43.bmp,Inclusion
540,../Data\Inclusion\In_44.bmp,Inclusion
541,../Data\Inclusion\In_45.bmp,Inclusion
542,../Data\Inclusion\In_46.bmp,Inclusion
543,../Data\Inclusion\In_47.bmp,Inclusion
544,../Data\Inclusion\In_48.bmp,Inclusion
545,../Data\Inclusion\In_49.bmp,Inclusion
546,../Data\Inclusion\In_5.bmp,Inclusion
547,../Data\Inclusion\In_50.bmp,Inclusion
548,../Data\Inclusion\In_51.bmp,Inclusion
549,../Data\Inclusion\In_52.bmp,Inclusion
550,../Data\Inclusion\In_53.bmp,Inclusion
551,../Data\Inclusion\In_54.bmp,Inclusion
552,../Data\Inclusion\In_55.bmp,Inclusion
553,../Data\Inclusion\In_56.bmp,Inclusion
554,../Data\Inclusion\In_57.bmp,Inclusion
555,../Data\Inclusion\In_58.bmp,Inclusion
556,../Data\Inclusion\In_59.bmp,Inclusion
557,../Data\Inclusion\In_6.bmp,Inclusion
558,../Data\Inclusion\In_60.bmp,Inclusion
559,../Data\Inclusion\In_61.bmp,Inclusion
560,../Data\Inclusion\In_62.bmp,Inclusion
561,../Data\Inclusion\In_63.bmp,Inclusion
562,../Data\Inclusion\In_64.bmp,Inclusion
563,../Data\Inclusion\In_65.bmp,Inclusion
564,../Data\Inclusion\In_66.bmp,Inclusion
565,../Data\Inclusion\In_67.bmp,Inclusion
566,../Data\Inclusion\In_68.bmp,Inclusion
567,../Data\Inclusion\In_69.bmp,Inclusion
568,../Data\Inclusion\In_7.bmp,Inclusion
569,../Data\Inclusion\In_70.bmp,Inclusion
570,../Data\Inclusion\In_71.bmp,Inclusion
571,../Data\Inclusion\In_72.bmp,Inclusion
572,../Data\Inclusion\In_73.bmp,Inclusion
573,../Data\Inclusion\In_74.bmp,Inclusion
574,../Data\Inclusion\In_75.bmp,Inclusion
575,../Data\Inclusion\In_76.bmp,Inclusion
576,../Data\Inclusion\In_77.bmp,Inclusion
577,../Data\Inclusion\In_78.bmp,Inclusion
578,../Data\Inclusion\In_79.bmp,Inclusion
579,../Data\Inclusion\In_8.bmp,Inclusion
580,../Data\Inclusion\In_80.bmp,Inclusion
581,../Data\Inclusion\In_81.bmp,Inclusion
582,../Data\Inclusion\In_82.bmp,Inclusion
583,../Data\Inclusion\In_83.bmp,Inclusion
584,../Data\Inclusion\In_84.bmp,Inclusion
585,../Data\Inclusion\In_85.bmp,Inclusion
586,../Data\Inclusion\In_86.bmp,Inclusion
587,../Data\Inclusion\In_87.bmp,Inclusion
588,../Data\Inclusion\In_88.bmp,Inclusion
589,../Data\Inclusion\In_89.bmp,Inclusion
590,../Data\Inclusion\In_9.bmp,Inclusion
591,../Data\Inclusion\In_90.bmp,Inclusion
592,../Data\Inclusion\In_91.bmp,Inclusion
593,../Data\Inclusion\In_92.bmp,Inclusion
594,../Data\Inclusion\In_93.bmp,Inclusion
595,../Data\Inclusion\In_94.bmp,Inclusion
596,../Data\Inclusion\In_95.bmp,Inclusion
597,../Data\Inclusion\In_96.bmp,Inclusion
598,../Data\Inclusion\In_97.bmp,Inclusion
599,../Data\Inclusion\In_98.bmp,Inclusion
600,../Data\Inclusion\In_99.bmp,Inclusion
601,../Data\Patches\Pa_1.bmp,Patches
602,../Data\Patches\Pa_10.bmp,Patches
603,../Data\Patches\Pa_100.bmp,Patches
604,../Data\Patches\Pa_101.bmp,Patches
605,../Data\Patches\Pa_102.bmp,Patches
606,../Data\Patches\Pa_103.bmp,Patches
607,../Data\Patches\Pa_104.bmp,Patches
608,../Data\Patches\Pa_105.bmp,Patches
609,../Data\Patches\Pa_106.bmp,Patches
610,../Data\Patches\Pa_107.bmp,Patches
611,../Data\Patches\Pa_108.bmp,Patches
612,../Data\Patches\Pa_109.bmp,Patches
613,../Data\Patches\Pa_11.bmp,Patches
614,../Data\Patches\Pa_110.bmp,Patches
615,../Data\Patches\Pa_111.bmp,Patches
616,../Data\Patches\Pa_112.bmp,Patches
617,../Data\Patches\Pa_113.bmp,Patches
618,../Data\Patches\Pa_114.bmp,Patches
619,../Data\Patches\Pa_115.bmp,Patches
620,../Data\Patches\Pa_116.bmp,Patches
621,../Data\Patches\Pa_117.bmp,Patches
622,../Data\Patches\Pa_118.bmp,Patches
623,../Data\Patches\Pa_119.bmp,Patches
624,../Data\Patches\Pa_12.bmp,Patches
625,../Data\Patches\Pa_120.bmp,Patches
626,../Data\Patches\Pa_121.bmp,Patches
627,../Data\Patches\Pa_122.bmp,Patches
628,../Data\Patches\Pa_123.bmp,Patches
629,../Data\Patches\Pa_124.bmp,Patches
630,../Data\Patches\Pa_125.bmp,Patches
631,../Data\Patches\Pa_126.bmp,Patches
632,../Data\Patches\Pa_127.bmp,Patches
633,../Data\Patches\Pa_128.bmp,Patches
634,../Data\Patches\Pa_129.bmp,Patches
635,../Data\Patches\Pa_13.bmp,Patches
636,../Data\Patches\Pa_130.bmp,Patches
637,../Data\Patches\Pa_131.bmp,Patches
638,../Data\Patches\Pa_132.bmp,Patches
639,../Data\Patches\Pa_133.bmp,Patches
640,../Data\Patches\Pa_134.bmp,Patches
641,../Data\Patches\Pa_135.bmp,Patches
642,../Data\Patches\Pa_136.bmp,Patches
643,../Data\Patches\Pa_137.bmp,Patches
644,../Data\Patches\Pa_138.bmp,Patches
645,../Data\Patches\Pa_139.bmp,Patches
646,../Data\Patches\Pa_14.bmp,Patches
647,../Data\Patches\Pa_140.bmp,Patches
648,../Data\Patches\Pa_141.bmp,Patches
649,../Data\Patches\Pa_142.bmp,Patches
650,../Data\Patches\Pa_143.bmp,Patches
651,../Data\Patches\Pa_144.bmp,Patches
652,../Data\Patches\Pa_145.bmp,Patches
653,../Data\Patches\Pa_146.bmp,Patches
654,../Data\Patches\Pa_147.bmp,Patches
655,../Data\Patches\Pa_148.bmp,Patches
656,../Data\Patches\Pa_149.bmp,Patches
657,../Data\Patches\Pa_15.bmp,Patches
658,../Data\Patches\Pa_150.bmp,Patches
659,../Data\Patches\Pa_151.bmp,Patches
660,../Data\Patches\Pa_152.bmp,Patches
661,../Data\Patches\Pa_153.bmp,Patches
662,../Data\Patches\Pa_154.bmp,Patches
663,../Data\Patches\Pa_155.bmp,Patches
664,../Data\Patches\Pa_156.bmp,Patches
665,../Data\Patches\Pa_157.bmp,Patches
666,../Data\Patches\Pa_158.bmp,Patches
667,../Data\Patches\Pa_159.bmp,Patches
668,../Data\Patches\Pa_16.bmp,Patches
669,../Data\Patches\Pa_160.bmp,Patches
670,../Data\Patches\Pa_161.bmp,Patches
671,../Data\Patches\Pa_162.bmp,Patches
672,../Data\Patches\Pa_163.bmp,Patches
673,../Data\Patches\Pa_164.bmp,Patches
674,../Data\Patches\Pa_165.bmp,Patches
675,../Data\Patches\Pa_166.bmp,Patches
676,../Data\Patches\Pa_167.bmp,Patches
677,../Data\Patches\Pa_168.bmp,Patches
678,../Data\Patches\Pa_169.bmp,Patches
679,../Data\Patches\Pa_17.bmp,Patches
680,../Data\Patches\Pa_170.bmp,Patches
681,../Data\Patches\Pa_171.bmp,Patches
682,../Data\Patches\Pa_172.bmp,Patches
683,../Data\Patches\Pa_173.bmp,Patches
684,../Data\Patches\Pa_174.bmp,Patches
685,../Data\Patches\Pa_175.bmp,Patches
686,../Data\Patches\Pa_176.bmp,Patches
687,../Data\Patches\Pa_177.bmp,Patches
688,../Data\Patches\Pa_178.bmp,Patches
689,../Data\Patches\Pa_179.bmp,Patches
690,../Data\Patches\Pa_18.bmp,Patches
691,../Data\Patches\Pa_180.bmp,Patches
692,../Data\Patches\Pa_181.bmp,Patches
693,../Data\Patches\Pa_182.bmp,Patches
694,../Data\Patches\Pa_183.bmp,Patches
695,../Data\Patches\Pa_184.bmp,Patches
696,../Data\Patches\Pa_185.bmp,Patches
697,../Data\Patches\Pa_186.bmp,Patches
698,../Data\Patches\Pa_187.bmp,Patches
699,../Data\Patches\Pa_188.bmp,Patches
700,../Data\Patches\Pa_189.bmp,Patches
701,../Data\Patches\Pa_19.bmp,Patches
702,../Data\Patches\Pa_190.bmp,Patches
703,../Data\Patches\Pa_191.bmp,Patches
704,../Data\Patches\Pa_192.bmp,Patches
705,../Data\Patches\Pa_193.bmp,Patches
706,../Data\Patches\Pa_194.bmp,Patches
707,../Data\Patches\Pa_195.bmp,Patches
708,../Data\Patches\Pa_196.bmp,Patches
709,../Data\Patches\Pa_197.bmp,Patches
710,../Data\Patches\Pa_198.bmp,Patches
711,../Data\Patches\Pa_199.bmp,Patches
712,../Data\Patches\Pa_2.bmp,Patches
713,../Data\Patches\Pa_20.bmp,Patches
714,../Data\Patches\Pa_200.bmp,Patches
715,../Data\Patches\Pa_201.bmp,Patches
716,../Data\Patches\Pa_202.bmp,Patches
717,../Data\Patches\Pa_203.bmp,Patches
718,../Data\Patches\Pa_204.bmp,Patches
719,../Data\Patches\Pa_205.bmp,Patches
720,../Data\Patches\Pa_206.bmp,Patches
721,../Data\Patches\Pa_207.bmp,Patches
722,../Data\Patches\Pa_208.bmp,Patches
723,../Data\Patches\Pa_209.bmp,Patches
724,../Data\Patches\Pa_21.bmp,Patches
725,../Data\Patches\Pa_210.bmp,Patches
726,../Data\Patches\Pa_211.bmp,Patches
727,../Data\Patches\Pa_212.bmp,Patches
728,../Data\Patches\Pa_213.bmp,Patches
729,../Data\Patches\Pa_214.bmp,Patches
730,../Data\Patches\Pa_215.bmp,Patches
731,../Data\Patches\Pa_216.bmp,Patches
732,../Data\Patches\Pa_217.bmp,Patches
733,../Data\Patches\Pa_218.bmp,Patches
734,../Data\Patches\Pa_219.bmp,Patches
735,../Data\Patches\Pa_22.bmp,Patches
736,../Data\Patches\Pa_220.bmp,Patches
737,../Data\Patches\Pa_221.bmp,Patches
738,../Data\Patches\Pa_222.bmp,Patches
739,../Data\Patches\Pa_223.bmp,Patches
740,../Data\Patches\Pa_224.bmp,Patches
741,../Data\Patches\Pa_225.bmp,Patches
742,../Data\Patches\Pa_226.bmp,Patches
743,../Data\Patches\Pa_227.bmp,Patches
744,../Data\Patches\Pa_228.bmp,Patches
745,../Data\Patches\Pa_229.bmp,Patches
746,../Data\Patches\Pa_23.bmp,Patches
747,../Data\Patches\Pa_230.bmp,Patches
748,../Data\Patches\Pa_231.bmp,Patches
749,../Data\Patches\Pa_232.bmp,Patches
750,../Data\Patches\Pa_233.bmp,Patches
751,../Data\Patches\Pa_234.bmp,Patches
752,../Data\Patches\Pa_235.bmp,Patches
753,../Data\Patches\Pa_236.bmp,Patches
754,../Data\Patches\Pa_237.bmp,Patches
755,../Data\Patches\Pa_238.bmp,Patches
756,../Data\Patches\Pa_239.bmp,Patches
757,../Data\Patches\Pa_24.bmp,Patches
758,../Data\Patches\Pa_240.bmp,Patches
759,../Data\Patches\Pa_241.bmp,Patches
760,../Data\Patches\Pa_242.bmp,Patches
761,../Data\Patches\Pa_243.bmp,Patches
762,../Data\Patches\Pa_244.bmp,Patches
763,../Data\Patches\Pa_245.bmp,Patches
764,../Data\Patches\Pa_246.bmp,Patches
765,../Data\Patches\Pa_247.bmp,Patches
766,../Data\Patches\Pa_248.bmp,Patches
767,../Data\Patches\Pa_249.bmp,Patches
768,../Data\Patches\Pa_25.bmp,Patches
769,../Data\Patches\Pa_250.bmp,Patches
770,../Data\Patches\Pa_251.bmp,Patches
771,../Data\Patches\Pa_252.bmp,Patches
772,../Data\Patches\Pa_253.bmp,Patches
773,../Data\Patches\Pa_254.bmp,Patches
774,../Data\Patches\Pa_255.bmp,Patches
775,../Data\Patches\Pa_256.bmp,Patches
776,../Data\Patches\Pa_257.bmp,Patches
777,../Data\Patches\Pa_258.bmp,Patches
778,../Data\Patches\Pa_259.bmp,Patches
779,../Data\Patches\Pa_26.bmp,Patches
780,../Data\Patches\Pa_260.bmp,Patches
781,../Data\Patches\Pa_261.bmp,Patches
782,../Data\Patches\Pa_262.bmp,Patches
783,../Data\Patches\Pa_263.bmp,Patches
784,../Data\Patches\Pa_264.bmp,Patches
785,../Data\Patches\Pa_265.bmp,Patches
786,../Data\Patches\Pa_266.bmp,Patches
787,../Data\Patches\Pa_267.bmp,Patches
788,../Data\Patches\Pa_268.bmp,Patches
789,../Data\Patches\Pa_269.bmp,Patches
790,../Data\Patches\Pa_27.bmp,Patches
791,../Data\Patches\Pa_270.bmp,Patches
792,../Data\Patches\Pa_271.bmp,Patches
793,../Data\Patches\Pa_272.bmp,Patches
794,../Data\Patches\Pa_273.bmp,Patches
795,../Data\Patches\Pa_274.bmp,Patches
796,../Data\Patches\Pa_275.bmp,Patches
797,../Data\Patches\Pa_276.bmp,Patches
798,../Data\Patches\Pa_277.bmp,Patches
799,../Data\Patches\Pa_278.bmp,Patches
800,../Data\Patches\Pa_279.bmp,Patches
801,../Data\Patches\Pa_28.bmp,Patches
802,../Data\Patches\Pa_280.bmp,Patches
803,../Data\Patches\Pa_281.bmp,Patches
804,../Data\Patches\Pa_282.bmp,Patches
805,../Data\Patches\Pa_283.bmp,Patches
806,../Data\Patches\Pa_284.bmp,Patches
807,../Data\Patches\Pa_285.bmp,Patches
808,../Data\Patches\Pa_286.bmp,Patches
809,../Data\Patches\Pa_287.bmp,Patches
810,../Data\Patches\Pa_288.bmp,Patches
811,../Data\Patches\Pa_289.bmp,Patches
812,../Data\Patches\Pa_29.bmp,Patches
813,../Data\Patches\Pa_290.bmp,Patches
814,../Data\Patches\Pa_291.bmp,Patches
815,../Data\Patches\Pa_292.bmp,Patches
816,../Data\Patches\Pa_293.bmp,Patches
817,../Data\Patches\Pa_294.bmp,Patches
818,../Data\Patches\Pa_295.bmp,Patches
819,../Data\Patches\Pa_296.bmp,Patches
820,../Data\Patches\Pa_297.bmp,Patches
821,../Data\Patches\Pa_298.bmp,Patches
822,../Data\Patches\Pa_299.bmp,Patches
823,../Data\Patches\Pa_3.bmp,Patches
824,../Data\Patches\Pa_30.bmp,Patches
825,../Data\Patches\Pa_300.bmp,Patches
826,../Data\Patches\Pa_31.bmp,Patches
827,../Data\Patches\Pa_32.bmp,Patches
828,../Data\Patches\Pa_33.bmp,Patches
829,../Data\Patches\Pa_34.bmp,Patches
830,../Data\Patches\Pa_35.bmp,Patches
831,../Data\Patches\Pa_36.bmp,Patches
832,../Data\Patches\Pa_37.bmp,Patches
833,../Data\Patches\Pa_38.bmp,Patches
834,../Data\Patches\Pa_39.bmp,Patches
835,../Data\Patches\Pa_4.bmp,Patches
836,../Data\Patches\Pa_40.bmp,Patches
837,../Data\Patches\Pa_41.bmp,Patches
838,../Data\Patches\Pa_42.bmp,Patches
839,../Data\Patches\Pa_43.bmp,Patches
840,../Data\Patches\Pa_44.bmp,Patches
841,../Data\Patches\Pa_45.bmp,Patches
842,../Data\Patches\Pa_46.bmp,Patches
843,../Data\Patches\Pa_47.bmp,Patches
844,../Data\Patches\Pa_48.bmp,Patches
845,../Data\Patches\Pa_49.bmp,Patches
846,../Data\Patches\Pa_5.bmp,Patches
847,../Data\Patches\Pa_50.bmp,Patches
848,../Data\Patches\Pa_51.bmp,Patches
849,../Data\Patches\Pa_52.bmp,Patches
850,../Data\Patches\Pa_53.bmp,Patches
851,../Data\Patches\Pa_54.bmp,Patches
852,../Data\Patches\Pa_55.bmp,Patches
853,../Data\Patches\Pa_56.bmp,Patches
854,../Data\Patches\Pa_57.bmp,Patches
855,../Data\Patches\Pa_58.bmp,Patches
856,../Data\Patches\Pa_59.bmp,Patches
857,../Data\Patches\Pa_6.bmp,Patches
858,../Data\Patches\Pa_60.bmp,Patches
859,../Data\Patches\Pa_61.bmp,Patches
860,../Data\Patches\Pa_62.bmp,Patches
861,../Data\Patches\Pa_63.bmp,Patches
862,../Data\Patches\Pa_64.bmp,Patches
863,../Data\Patches\Pa_65.bmp,Patches
864,../Data\Patches\Pa_66.bmp,Patches
865,../Data\Patches\Pa_67.bmp,Patches
866,../Data\Patches\Pa_68.bmp,Patches
867,../Data\Patches\Pa_69.bmp,Patches
868,../Data\Patches\Pa_7.bmp,Patches
869,../Data\Patches\Pa_70.bmp,Patches
870,../Data\Patches\Pa_71.bmp,Patches
871,../Data\Patches\Pa_72.bmp,Patches
872,../Data\Patches\Pa_73.bmp,Patches
873,../Data\Patches\Pa_74.bmp,Patches
874,../Data\Patches\Pa_75.bmp,Patches
875,../Data\Patches\Pa_76.bmp,Patches
876,../Data\Patches\Pa_77.bmp,Patches
877,../Data\Patches\Pa_78.bmp,Patches
878,../Data\Patches\Pa_79.bmp,Patches
879,../Data\Patches\Pa_8.bmp,Patches
880,../Data\Patches\Pa_80.bmp,Patches
881,../Data\Patches\Pa_81.bmp,Patches
882,../Data\Patches\Pa_82.bmp,Patches
883,../Data\Patches\Pa_83.bmp,Patches
884,../Data\Patches\Pa_84.bmp,Patches
885,../Data\Patches\Pa_85.bmp,Patches
886,../Data\Patches\Pa_86.bmp,Patches
887,../Data\Patches\Pa_87.bmp,Patches
888,../Data\Patches\Pa_88.bmp,Patches
889,../Data\Patches\Pa_89.bmp,Patches
890,../Data\Patches\Pa_9.bmp,Patches
891,../Data\Patches\Pa_90.bmp,Patches
892,../Data\Patches\Pa_91.bmp,Patches
893,../Data\Patches\Pa_92.bmp,Patches
894,../Data\Patches\Pa_93.bmp,Patches
895,../Data\Patches\Pa_94.bmp,Patches
896,../Data\Patches\Pa_95.bmp,Patches
897,../Data\Patches\Pa_96.bmp,Patches
898,../Data\Patches\Pa_97.bmp,Patches
899,../Data\Patches\Pa_98.bmp,Patches
900,../Data\Patches\Pa_99.bmp,Patches
901,../Data\Pitted\PS_1.bmp,Pitted
902,../Data\Pitted\PS_10.bmp,Pitted
903,../Data\Pitted\PS_100.bmp,Pitted
904,../Data\Pitted\PS_101.bmp,Pitted
905,../Data\Pitted\PS_102.bmp,Pitted
906,../Data\Pitted\PS_103.bmp,Pitted
907,../Data\Pitted\PS_104.bmp,Pitted
908,../Data\Pitted\PS_105.bmp,Pitted
909,../Data\Pitted\PS_106.bmp,Pitted
910,../Data\Pitted\PS_107.bmp,Pitted
911,../Data\Pitted\PS_108.bmp,Pitted
912,../Data\Pitted\PS_109.bmp,Pitted
913,../Data\Pitted\PS_11.bmp,Pitted
914,../Data\Pitted\PS_110.bmp,Pitted
915,../Data\Pitted\PS_111.bmp,Pitted
916,../Data\Pitted\PS_112.bmp,Pitted
917,../Data\Pitted\PS_113.bmp,Pitted
918,../Data\Pitted\PS_114.bmp,Pitted
919,../Data\Pitted\PS_115.bmp,Pitted
920,../Data\Pitted\PS_116.bmp,Pitted
921,../Data\Pitted\PS_117.bmp,Pitted
922,../Data\Pitted\PS_118.bmp,Pitted
923,../Data\Pitted\PS_119.bmp,Pitted
924,../Data\Pitted\PS_12.bmp,Pitted
925,../Data\Pitted\PS_120.bmp,Pitted
926,../Data\Pitted\PS_121.bmp,Pitted
927,../Data\Pitted\PS_122.bmp,Pitted
928,../Data\Pitted\PS_123.bmp,Pitted
929,../Data\Pitted\PS_124.bmp,Pitted
930,../Data\Pitted\PS_125.bmp,Pitted
931,../Data\Pitted\PS_126.bmp,Pitted
932,../Data\Pitted\PS_127.bmp,Pitted
933,../Data\Pitted\PS_128.bmp,Pitted
934,../Data\Pitted\PS_129.bmp,Pitted
935,../Data\Pitted\PS_13.bmp,Pitted
936,../Data\Pitted\PS_130.bmp,Pitted
937,../Data\Pitted\PS_131.bmp,Pitted
938,../Data\Pitted\PS_132.bmp,Pitted
939,../Data\Pitted\PS_133.bmp,Pitted
940,../Data\Pitted\PS_134.bmp,Pitted
941,../Data\Pitted\PS_135.bmp,Pitted
942,../Data\Pitted\PS_136.bmp,Pitted
943,../Data\Pitted\PS_137.bmp,Pitted
944,../Data\Pitted\PS_138.bmp,Pitted
945,../Data\Pitted\PS_139.bmp,Pitted
946,../Data\Pitted\PS_14.bmp,Pitted
947,../Data\Pitted\PS_140.bmp,Pitted
948,../Data\Pitted\PS_141.bmp,Pitted
949,../Data\Pitted\PS_142.bmp,Pitted
950,../Data\Pitted\PS_143.bmp,Pitted
951,../Data\Pitted\PS_144.bmp,Pitted
952,../Data\Pitted\PS_145.bmp,Pitted
953,../Data\Pitted\PS_146.bmp,Pitted
954,../Data\Pitted\PS_147.bmp,Pitted
955,../Data\Pitted\PS_148.bmp,Pitted
956,../Data\Pitted\PS_149.bmp,Pitted
957,../Data\Pitted\PS_15.bmp,Pitted
958,../Data\Pitted\PS_150.bmp,Pitted
959,../Data\Pitted\PS_151.bmp,Pitted
960,../Data\Pitted\PS_152.bmp,Pitted
961,../Data\Pitted\PS_153.bmp,Pitted
962,../Data\Pitted\PS_154.bmp,Pitted
963,../Data\Pitted\PS_155.bmp,Pitted
964,../Data\Pitted\PS_156.bmp,Pitted
965,../Data\Pitted\PS_157.bmp,Pitted
966,../Data\Pitted\PS_158.bmp,Pitted
967,../Data\Pitted\PS_159.bmp,Pitted
968,../Data\Pitted\PS_16.bmp,Pitted
969,../Data\Pitted\PS_160.bmp,Pitted
970,../Data\Pitted\PS_161.bmp,Pitted
971,../Data\Pitted\PS_162.bmp,Pitted
972,../Data\Pitted\PS_163.bmp,Pitted
973,../Data\Pitted\PS_164.bmp,Pitted
974,../Data\Pitted\PS_165.bmp,Pitted
975,../Data\Pitted\PS_166.bmp,Pitted
976,../Data\Pitted\PS_167.bmp,Pitted
977,../Data\Pitted\PS_168.bmp,Pitted
978,../Data\Pitted\PS_169.bmp,Pitted
979,../Data\Pitted\PS_17.bmp,Pitted
980,../Data\Pitted\PS_170.bmp,Pitted
981,../Data\Pitted\PS_171.bmp,Pitted
982,../Data\Pitted\PS_172.bmp,Pitted
983,../Data\Pitted\PS_173.bmp,Pitted
984,../Data\Pitted\PS_174.bmp,Pitted
985,../Data\Pitted\PS_175.bmp,Pitted
986,../Data\Pitted\PS_176.bmp,Pitted
987,../Data\Pitted\PS_177.bmp,Pitted
988,../Data\Pitted\PS_178.bmp,Pitted
989,../Data\Pitted\PS_179.bmp,Pitted
990,../Data\Pitted\PS_18.bmp,Pitted
991,../Data\Pitted\PS_180.bmp,Pitted
992,../Data\Pitted\PS_181.bmp,Pitted
993,../Data\Pitted\PS_182.bmp,Pitted
994,../Data\Pitted\PS_183.bmp,Pitted
995,../Data\Pitted\PS_184.bmp,Pitted
996,../Data\Pitted\PS_185.bmp,Pitted
997,../Data\Pitted\PS_186.bmp,Pitted
998,../Data\Pitted\PS_187.bmp,Pitted
999,../Data\Pitted\PS_188.bmp,Pitted
1000,../Data\Pitted\PS_189.bmp,Pitted
1001,../Data\Pitted\PS_19.bmp,Pitted
1002,../Data\Pitted\PS_190.bmp,Pitted
1003,../Data\Pitted\PS_191.bmp,Pitted
1004,../Data\Pitted\PS_192.bmp,Pitted
1005,../Data\Pitted\PS_193.bmp,Pitted
1006,../Data\Pitted\PS_194.bmp,Pitted
1007,../Data\Pitted\PS_195.bmp,Pitted
1008,../Data\Pitted\PS_196.bmp,Pitted
1009,../Data\Pitted\PS_197.bmp,Pitted
1010,../Data\Pitted\PS_198.bmp,Pitted
1011,../Data\Pitted\PS_199.bmp,Pitted
1012,../Data\Pitted\PS_2.bmp,Pitted
1013,../Data\Pitted\PS_20.bmp,Pitted
1014,../Data\Pitted\PS_200.bmp,Pitted
1015,../Data\Pitted\PS_201.bmp,Pitted
1016,../Data\Pitted\PS_202.bmp,Pitted
1017,../Data\Pitted\PS_203.bmp,Pitted
1018,../Data\Pitted\PS_204.bmp,Pitted
1019,../Data\Pitted\PS_205.bmp,Pitted
1020,../Data\Pitted\PS_206.bmp,Pitted
1021,../Data\Pitted\PS_207.bmp,Pitted
1022,../Data\Pitted\PS_208.bmp,Pitted
1023,../Data\Pitted\PS_209.bmp,Pitted
1024,../Data\Pitted\PS_21.bmp,Pitted
1025,../Data\Pitted\PS_210.bmp,Pitted
1026,../Data\Pitted\PS_211.bmp,Pitted
1027,../Data\Pitted\PS_212.bmp,Pitted
1028,../Data\Pitted\PS_213.bmp,Pitted
1029,../Data\Pitted\PS_214.bmp,Pitted
1030,../Data\Pitted\PS_215.bmp,Pitted
1031,../Data\Pitted\PS_216.bmp,Pitted
1032,../Data\Pitted\PS_217.bmp,Pitted
1033,../Data\Pitted\PS_218.bmp,Pitted
1034,../Data\Pitted\PS_219.bmp,Pitted
1035,../Data\Pitted\PS_22.bmp,Pitted
1036,../Data\Pitted\PS_220.bmp,Pitted
1037,../Data\Pitted\PS_221.bmp,Pitted
1038,../Data\Pitted\PS_222.bmp,Pitted
1039,../Data\Pitted\PS_223.bmp,Pitted
1040,../Data\Pitted\PS_224.bmp,Pitted
1041,../Data\Pitted\PS_225.bmp,Pitted
1042,../Data\Pitted\PS_226.bmp,Pitted
1043,../Data\Pitted\PS_227.bmp,Pitted
1044,../Data\Pitted\PS_228.bmp,Pitted
1045,../Data\Pitted\PS_229.bmp,Pitted
1046,../Data\Pitted\PS_23.bmp,Pitted
1047,../Data\Pitted\PS_230.bmp,Pitted
1048,../Data\Pitted\PS_231.bmp,Pitted
1049,../Data\Pitted\PS_232.bmp,Pitted
1050,../Data\Pitted\PS_233.bmp,Pitted
1051,../Data\Pitted\PS_234.bmp,Pitted
1052,../Data\Pitted\PS_235.bmp,Pitted
1053,../Data\Pitted\PS_236.bmp,Pitted
1054,../Data\Pitted\PS_237.bmp,Pitted
1055,../Data\Pitted\PS_238.bmp,Pitted
1056,../Data\Pitted\PS_239.bmp,Pitted
1057,../Data\Pitted\PS_24.bmp,Pitted
1058,../Data\Pitted\PS_240.bmp,Pitted
1059,../Data\Pitted\PS_241.bmp,Pitted
1060,../Data\Pitted\PS_242.bmp,Pitted
1061,../Data\Pitted\PS_243.bmp,Pitted
1062,../Data\Pitted\PS_244.bmp,Pitted
1063,../Data\Pitted\PS_245.bmp,Pitted
1064,../Data\Pitted\PS_246.bmp,Pitted
1065,../Data\Pitted\PS_247.bmp,Pitted
1066,../Data\Pitted\PS_248.bmp,Pitted
1067,../Data\Pitted\PS_249.bmp,Pitted
1068,../Data\Pitted\PS_25.bmp,Pitted
1069,../Data\Pitted\PS_250.bmp,Pitted
1070,../Data\Pitted\PS_251.bmp,Pitted
1071,../Data\Pitted\PS_252.bmp,Pitted
1072,../Data\Pitted\PS_253.bmp,Pitted
1073,../Data\Pitted\PS_254.bmp,Pitted
1074,../Data\Pitted\PS_255.bmp,Pitted
1075,../Data\Pitted\PS_256.bmp,Pitted
1076,../Data\Pitted\PS_257.bmp,Pitted
1077,../Data\Pitted\PS_258.bmp,Pitted
1078,../Data\Pitted\PS_259.bmp,Pitted
1079,../Data\Pitted\PS_26.bmp,Pitted
1080,../Data\Pitted\PS_260.bmp,Pitted
1081,../Data\Pitted\PS_261.bmp,Pitted
1082,../Data\Pitted\PS_262.bmp,Pitted
1083,../Data\Pitted\PS_263.bmp,Pitted
1084,../Data\Pitted\PS_264.bmp,Pitted
1085,../Data\Pitted\PS_265.bmp,Pitted
1086,../Data\Pitted\PS_266.bmp,Pitted
1087,../Data\Pitted\PS_267.bmp,Pitted
1088,../Data\Pitted\PS_268.bmp,Pitted
1089,../Data\Pitted\PS_269.bmp,Pitted
1090,../Data\Pitted\PS_27.bmp,Pitted
1091,../Data\Pitted\PS_270.bmp,Pitted
1092,../Data\Pitted\PS_271.bmp,Pitted
1093,../Data\Pitted\PS_272.bmp,Pitted
1094,../Data\Pitted\PS_273.bmp,Pitted
1095,../Data\Pitted\PS_274.bmp,Pitted
1096,../Data\Pitted\PS_275.bmp,Pitted
1097,../Data\Pitted\PS_276.bmp,Pitted
1098,../Data\Pitted\PS_277.bmp,Pitted
1099,../Data\Pitted\PS_278.bmp,Pitted
1100,../Data\Pitted\PS_279.bmp,Pitted
1101,../Data\Pitted\PS_28.bmp,Pitted
1102,../Data\Pitted\PS_280.bmp,Pitted
1103,../Data\Pitted\PS_281.bmp,Pitted
1104,../Data\Pitted\PS_282.bmp,Pitted
1105,../Data\Pitted\PS_283.bmp,Pitted
1106,../Data\Pitted\PS_284.bmp,Pitted
1107,../Data\Pitted\PS_285.bmp,Pitted
1108,../Data\Pitted\PS_286.bmp,Pitted
1109,../Data\Pitted\PS_287.bmp,Pitted
1110,../Data\Pitted\PS_288.bmp,Pitted
1111,../Data\Pitted\PS_289.bmp,Pitted
1112,../Data\Pitted\PS_29.bmp,Pitted
1113,../Data\Pitted\PS_290.bmp,Pitted
1114,../Data\Pitted\PS_291.bmp,Pitted
1115,../Data\Pitted\PS_292.bmp,Pitted
1116,../Data\Pitted\PS_293.bmp,Pitted
1117,../Data\Pitted\PS_294.bmp,Pitted
1118,../Data\Pitted\PS_295.bmp,Pitted
1119,../Data\Pitted\PS_296.bmp,Pitted
1120,../Data\Pitted\PS_297.bmp,Pitted
1121,../Data\Pitted\PS_298.bmp,Pitted
1122,../Data\Pitted\PS_299.bmp,Pitted
1123,../Data\Pitted\PS_3.bmp,Pitted
1124,../Data\Pitted\PS_30.bmp,Pitted
1125,../Data\Pitted\PS_300.bmp,Pitted
1126,../Data\Pitted\PS_31.bmp,Pitted
1127,../Data\Pitted\PS_32.bmp,Pitted
1128,../Data\Pitted\PS_33.bmp,Pitted
1129,../Data\Pitted\PS_34.bmp,Pitted
1130,../Data\Pitted\PS_35.bmp,Pitted
1131,../Data\Pitted\PS_36.bmp,Pitted
1132,../Data\Pitted\PS_37.bmp,Pitted
1133,../Data\Pitted\PS_38.bmp,Pitted
1134,../Data\Pitted\PS_39.bmp,Pitted
1135,../Data\Pitted\PS_4.bmp,Pitted
1136,../Data\Pitted\PS_40.bmp,Pitted
1137,../Data\Pitted\PS_41.bmp,Pitted
1138,../Data\Pitted\PS_42.bmp,Pitted
1139,../Data\Pitted\PS_43.bmp,Pitted
1140,../Data\Pitted\PS_44.bmp,Pitted
1141,../Data\Pitted\PS_45.bmp,Pitted
1142,../Data\Pitted\PS_46.bmp,Pitted
1143,../Data\Pitted\PS_47.bmp,Pitted
1144,../Data\Pitted\PS_48.bmp,Pitted
1145,../Data\Pitted\PS_49.bmp,Pitted
1146,../Data\Pitted\PS_5.bmp,Pitted
1147,../Data\Pitted\PS_50.bmp,Pitted
1148,../Data\Pitted\PS_51.bmp,Pitted
1149,../Data\Pitted\PS_52.bmp,Pitted
1150,../Data\Pitted\PS_53.bmp,Pitted
1151,../Data\Pitted\PS_54.bmp,Pitted
1152,../Data\Pitted\PS_55.bmp,Pitted
1153,../Data\Pitted\PS_56.bmp,Pitted
1154,../Data\Pitted\PS_57.bmp,Pitted
1155,../Data\Pitted\PS_58.bmp,Pitted
1156,../Data\Pitted\PS_59.bmp,Pitted
1157,../Data\Pitted\PS_6.bmp,Pitted
1158,../Data\Pitted\PS_60.bmp,Pitted
1159,../Data\Pitted\PS_61.bmp,Pitted
1160,../Data\Pitted\PS_62.bmp,Pitted
1161,../Data\Pitted\PS_63.bmp,Pitted
1162,../Data\Pitted\PS_64.bmp,Pitted
1163,../Data\Pitted\PS_65.bmp,Pitted
1164,../Data\Pitted\PS_66.bmp,Pitted
1165,../Data\Pitted\PS_67.bmp,Pitted
1166,../Data\Pitted\PS_68.bmp,Pitted
1167,../Data\Pitted\PS_69.bmp,Pitted
1168,../Data\Pitted\PS_7.bmp,Pitted
1169,../Data\Pitted\PS_70.bmp,Pitted
1170,../Data\Pitted\PS_71.bmp,Pitted
1171,../Data\Pitted\PS_72.bmp,Pitted
1172,../Data\Pitted\PS_73.bmp,Pitted
1173,../Data\Pitted\PS_74.bmp,Pitted
1174,../Data\Pitted\PS_75.bmp,Pitted
1175,../Data\Pitted\PS_76.bmp,Pitted
1176,../Data\Pitted\PS_77.bmp,Pitted
1177,../Data\Pitted\PS_78.bmp,Pitted
1178,../Data\Pitted\PS_79.bmp,Pitted
1179,../Data\Pitted\PS_8.bmp,Pitted
1180,../Data\Pitted\PS_80.bmp,Pitted
1181,../Data\Pitted\PS_81.bmp,Pitted
1182,../Data\Pitted\PS_82.bmp,Pitted
1183,../Data\Pitted\PS_83.bmp,Pitted
1184,../Data\Pitted\PS_84.bmp,Pitted
1185,../Data\Pitted\PS_85.bmp,Pitted
1186,../Data\Pitted\PS_86.bmp,Pitted
1187,../Data\Pitted\PS_87.bmp,Pitted
1188,../Data\Pitted\PS_88.bmp,Pitted
1189,../Data\Pitted\PS_89.bmp,Pitted
1190,../Data\Pitted\PS_9.bmp,Pitted
1191,../Data\Pitted\PS_90.bmp,Pitted
1192,../Data\Pitted\PS_91.bmp,Pitted
1193,../Data\Pitted\PS_92.bmp,Pitted
1194,../Data\Pitted\PS_93.bmp,Pitted
1195,../Data\Pitted\PS_94.bmp,Pitted
1196,../Data\Pitted\PS_95.bmp,Pitted
1197,../Data\Pitted\PS_96.bmp,Pitted
1198,../Data\Pitted\PS_97.bmp,Pitted
1199,../Data\Pitted\PS_98.bmp,Pitted
1200,../Data\Pitted\PS_99.bmp,Pitted
1201,../Data\Rolled\RS_1.bmp,Rolled
1202,../Data\Rolled\RS_10.bmp,Rolled
1203,../Data\Rolled\RS_100.bmp,Rolled
1204,../Data\Rolled\RS_101.bmp,Rolled
1205,../Data\Rolled\RS_102.bmp,Rolled
1206,../Data\Rolled\RS_103.bmp,Rolled
1207,../Data\Rolled\RS_104.bmp,Rolled
1208,../Data\Rolled\RS_105.bmp,Rolled
1209,../Data\Rolled\RS_106.bmp,Rolled
1210,../Data\Rolled\RS_107.bmp,Rolled
1211,../Data\Rolled\RS_108.bmp,Rolled
1212,../Data\Rolled\RS_109.bmp,Rolled
1213,../Data\Rolled\RS_11.bmp,Rolled
1214,../Data\Rolled\RS_110.bmp,Rolled
1215,../Data\Rolled\RS_111.bmp,Rolled
1216,../Data\Rolled\RS_112.bmp,Rolled
1217,../Data\Rolled\RS_113.bmp,Rolled
1218,../Data\Rolled\RS_114.bmp,Rolled
1219,../Data\Rolled\RS_115.bmp,Rolled
1220,../Data\Rolled\RS_116.bmp,Rolled
1221,../Data\Rolled\RS_117.bmp,Rolled
1222,../Data\Rolled\RS_118.bmp,Rolled
1223,../Data\Rolled\RS_119.bmp,Rolled
1224,../Data\Rolled\RS_12.bmp,Rolled
1225,../Data\Rolled\RS_120.bmp,Rolled
1226,../Data\Rolled\RS_121.bmp,Rolled
1227,../Data\Rolled\RS_122.bmp,Rolled
1228,../Data\Rolled\RS_123.bmp,Rolled
1229,../Data\Rolled\RS_124.bmp,Rolled
1230,../Data\Rolled\RS_125.bmp,Rolled
1231,../Data\Rolled\RS_126.bmp,Rolled
1232,../Data\Rolled\RS_127.bmp,Rolled
1233,../Data\Rolled\RS_128.bmp,Rolled
1234,../Data\Rolled\RS_129.bmp,Rolled
1235,../Data\Rolled\RS_13.bmp,Rolled
1236,../Data\Rolled\RS_130.bmp,Rolled
1237,../Data\Rolled\RS_131.bmp,Rolled
1238,../Data\Rolled\RS_132.bmp,Rolled
1239,../Data\Rolled\RS_133.bmp,Rolled
1240,../Data\Rolled\RS_134.bmp,Rolled
1241,../Data\Rolled\RS_135.bmp,Rolled
1242,../Data\Rolled\RS_136.bmp,Rolled
1243,../Data\Rolled\RS_137.bmp,Rolled
1244,../Data\Rolled\RS_138.bmp,Rolled
1245,../Data\Rolled\RS_139.bmp,Rolled
1246,../Data\Rolled\RS_14.bmp,Rolled
1247,../Data\Rolled\RS_140.bmp,Rolled
1248,../Data\Rolled\RS_141.bmp,Rolled
1249,../Data\Rolled\RS_142.bmp,Rolled
1250,../Data\Rolled\RS_143.bmp,Rolled
1251,../Data\Rolled\RS_144.bmp,Rolled
1252,../Data\Rolled\RS_145.bmp,Rolled
1253,../Data\Rolled\RS_146.bmp,Rolled
1254,../Data\Rolled\RS_147.bmp,Rolled
1255,../Data\Rolled\RS_148.bmp,Rolled
1256,../Data\Rolled\RS_149.bmp,Rolled
1257,../Data\Rolled\RS_15.bmp,Rolled
1258,../Data\Rolled\RS_150.bmp,Rolled
1259,../Data\Rolled\RS_151.bmp,Rolled
1260,../Data\Rolled\RS_152.bmp,Rolled
1261,../Data\Rolled\RS_153.bmp,Rolled
1262,../Data\Rolled\RS_154.bmp,Rolled
1263,../Data\Rolled\RS_155.bmp,Rolled
1264,../Data\Rolled\RS_156.bmp,Rolled
1265,../Data\Rolled\RS_157.bmp,Rolled
1266,../Data\Rolled\RS_158.bmp,Rolled
1267,../Data\Rolled\RS_159.bmp,Rolled
1268,../Data\Rolled\RS_16.bmp,Rolled
1269,../Data\Rolled\RS_160.bmp,Rolled
1270,../Data\Rolled\RS_161.bmp,Rolled
1271,../Data\Rolled\RS_162.bmp,Rolled
1272,../Data\Rolled\RS_163.bmp,Rolled
1273,../Data\Rolled\RS_164.bmp,Rolled
1274,../Data\Rolled\RS_165.bmp,Rolled
1275,../Data\Rolled\RS_166.bmp,Rolled
1276,../Data\Rolled\RS_167.bmp,Rolled
1277,../Data\Rolled\RS_168.bmp,Rolled
1278,../Data\Rolled\RS_169.bmp,Rolled
1279,../Data\Rolled\RS_17.bmp,Rolled
1280,../Data\Rolled\RS_170.bmp,Rolled
1281,../Data\Rolled\RS_171.bmp,Rolled
1282,../Data\Rolled\RS_172.bmp,Rolled
1283,../Data\Rolled\RS_173.bmp,Rolled
1284,../Data\Rolled\RS_174.bmp,Rolled
1285,../Data\Rolled\RS_175.bmp,Rolled
1286,../Data\Rolled\RS_176.bmp,Rolled
1287,../Data\Rolled\RS_177.bmp,Rolled
1288,../Data\Rolled\RS_178.bmp,Rolled
1289,../Data\Rolled\RS_179.bmp,Rolled
1290,../Data\Rolled\RS_18.bmp,Rolled
1291,../Data\Rolled\RS_180.bmp,Rolled
1292,../Data\Rolled\RS_181.bmp,Rolled
1293,../Data\Rolled\RS_182.bmp,Rolled
1294,../Data\Rolled\RS_183.bmp,Rolled
1295,../Data\Rolled\RS_184.bmp,Rolled
1296,../Data\Rolled\RS_185.bmp,Rolled
1297,../Data\Rolled\RS_186.bmp,Rolled
1298,../Data\Rolled\RS_187.bmp,Rolled
1299,../Data\Rolled\RS_188.bmp,Rolled
1300,../Data\Rolled\RS_189.bmp,Rolled
1301,../Data\Rolled\RS_19.bmp,Rolled
1302,../Data\Rolled\RS_190.bmp,Rolled
1303,../Data\Rolled\RS_191.bmp,Rolled
1304,../Data\Rolled\RS_192.bmp,Rolled
1305,../Data\Rolled\RS_193.bmp,Rolled
1306,../Data\Rolled\RS_194.bmp,Rolled
1307,../Data\Rolled\RS_195.bmp,Rolled
1308,../Data\Rolled\RS_196.bmp,Rolled
1309,../Data\Rolled\RS_197.bmp,Rolled
1310,../Data\Rolled\RS_198.bmp,Rolled
1311,../Data\Rolled\RS_199.bmp,Rolled
1312,../Data\Rolled\RS_2.bmp,Rolled
1313,../Data\Rolled\RS_20.bmp,Rolled
1314,../Data\Rolled\RS_200.bmp,Rolled
1315,../Data\Rolled\RS_201.bmp,Rolled
1316,../Data\Rolled\RS_202.bmp,Rolled
1317,../Data\Rolled\RS_203.bmp,Rolled
1318,../Data\Rolled\RS_204.bmp,Rolled
1319,../Data\Rolled\RS_205.bmp,Rolled
1320,../Data\Rolled\RS_206.bmp,Rolled
1321,../Data\Rolled\RS_207.bmp,Rolled
1322,../Data\Rolled\RS_208.bmp,Rolled
1323,../Data\Rolled\RS_209.bmp,Rolled
1324,../Data\Rolled\RS_21.bmp,Rolled
1325,../Data\Rolled\RS_210.bmp,Rolled
1326,../Data\Rolled\RS_211.bmp,Rolled
1327,../Data\Rolled\RS_212.bmp,Rolled
1328,../Data\Rolled\RS_213.bmp,Rolled
1329,../Data\Rolled\RS_214.bmp,Rolled
1330,../Data\Rolled\RS_215.bmp,Rolled
1331,../Data\Rolled\RS_216.bmp,Rolled
1332,../Data\Rolled\RS_217.bmp,Rolled
1333,../Data\Rolled\RS_218.bmp,Rolled
1334,../Data\Rolled\RS_219.bmp,Rolled
1335,../Data\Rolled\RS_22.bmp,Rolled
1336,../Data\Rolled\RS_220.bmp,Rolled
1337,../Data\Rolled\RS_221.bmp,Rolled
1338,../Data\Rolled\RS_222.bmp,Rolled
1339,../Data\Rolled\RS_223.bmp,Rolled
1340,../Data\Rolled\RS_224.bmp,Rolled
1341,../Data\Rolled\RS_225.bmp,Rolled
1342,../Data\Rolled\RS_226.bmp,Rolled
1343,../Data\Rolled\RS_227.bmp,Rolled
1344,../Data\Rolled\RS_228.bmp,Rolled
1345,../Data\Rolled\RS_229.bmp,Rolled
1346,../Data\Rolled\RS_23.bmp,Rolled
1347,../Data\Rolled\RS_230.bmp,Rolled
1348,../Data\Rolled\RS_231.bmp,Rolled
1349,../Data\Rolled\RS_232.bmp,Rolled
1350,../Data\Rolled\RS_233.bmp,Rolled
1351,../Data\Rolled\RS_234.bmp,Rolled
1352,../Data\Rolled\RS_235.bmp,Rolled
1353,../Data\Rolled\RS_236.bmp,Rolled
1354,../Data\Rolled\RS_237.bmp,Rolled
1355,../Data\Rolled\RS_238.bmp,Rolled
1356,../Data\Rolled\RS_239.bmp,Rolled
1357,../Data\Rolled\RS_24.bmp,Rolled
1358,../Data\Rolled\RS_240.bmp,Rolled
1359,../Data\Rolled\RS_241.bmp,Rolled
1360,../Data\Rolled\RS_242.bmp,Rolled
1361,../Data\Rolled\RS_243.bmp,Rolled
1362,../Data\Rolled\RS_244.bmp,Rolled
1363,../Data\Rolled\RS_245.bmp,Rolled
1364,../Data\Rolled\RS_246.bmp,Rolled
1365,../Data\Rolled\RS_247.bmp,Rolled
1366,../Data\Rolled\RS_248.bmp,Rolled
1367,../Data\Rolled\RS_249.bmp,Rolled
1368,../Data\Rolled\RS_25.bmp,Rolled
1369,../Data\Rolled\RS_250.bmp,Rolled
1370,../Data\Rolled\RS_251.bmp,Rolled
1371,../Data\Rolled\RS_252.bmp,Rolled
1372,../Data\Rolled\RS_253.bmp,Rolled
1373,../Data\Rolled\RS_254.bmp,Rolled
1374,../Data\Rolled\RS_255.bmp,Rolled
1375,../Data\Rolled\RS_256.bmp,Rolled
1376,../Data\Rolled\RS_257.bmp,Rolled
1377,../Data\Rolled\RS_258.bmp,Rolled
1378,../Data\Rolled\RS_259.bmp,Rolled
1379,../Data\Rolled\RS_26.bmp,Rolled
1380,../Data\Rolled\RS_260.bmp,Rolled
1381,../Data\Rolled\RS_261.bmp,Rolled
1382,../Data\Rolled\RS_262.bmp,Rolled
1383,../Data\Rolled\RS_263.bmp,Rolled
1384,../Data\Rolled\RS_264.bmp,Rolled
1385,../Data\Rolled\RS_265.bmp,Rolled
1386,../Data\Rolled\RS_266.bmp,Rolled
1387,../Data\Rolled\RS_267.bmp,Rolled
1388,../Data\Rolled\RS_268.bmp,Rolled
1389,../Data\Rolled\RS_269.bmp,Rolled
1390,../Data\Rolled\RS_27.bmp,Rolled
1391,../Data\Rolled\RS_270.bmp,Rolled
1392,../Data\Rolled\RS_271.bmp,Rolled
1393,../Data\Rolled\RS_272.bmp,Rolled
1394,../Data\Rolled\RS_273.bmp,Rolled
1395,../Data\Rolled\RS_274.bmp,Rolled
1396,../Data\Rolled\RS_275.bmp,Rolled
1397,../Data\Rolled\RS_276.bmp,Rolled
1398,../Data\Rolled\RS_277.bmp,Rolled
1399,../Data\Rolled\RS_278.bmp,Rolled
1400,../Data\Rolled\RS_279.bmp,Rolled
1401,../Data\Rolled\RS_28.bmp,Rolled
1402,../Data\Rolled\RS_280.bmp,Rolled
1403,../Data\Rolled\RS_281.bmp,Rolled
1404,../Data\Rolled\RS_282.bmp,Rolled
1405,../Data\Rolled\RS_283.bmp,Rolled
1406,../Data\Rolled\RS_284.bmp,Rolled
1407,../Data\Rolled\RS_285.bmp,Rolled
1408,../Data\Rolled\RS_286.bmp,Rolled
1409,../Data\Rolled\RS_287.bmp,Rolled
1410,../Data\Rolled\RS_288.bmp,Rolled
1411,../Data\Rolled\RS_289.bmp,Rolled
1412,../Data\Rolled\RS_29.bmp,Rolled
1413,../Data\Rolled\RS_290.bmp,Rolled
1414,../Data\Rolled\RS_291.bmp,Rolled
1415,../Data\Rolled\RS_292.bmp,Rolled
1416,../Data\Rolled\RS_293.bmp,Rolled
1417,../Data\Rolled\RS_294.bmp,Rolled
1418,../Data\Rolled\RS_295.bmp,Rolled
1419,../Data\Rolled\RS_296.bmp,Rolled
1420,../Data\Rolled\RS_297.bmp,Rolled
1421,../Data\Rolled\RS_298.bmp,Rolled
1422,../Data\Rolled\RS_299.bmp,Rolled
1423,../Data\Rolled\RS_3.bmp,Rolled
1424,../Data\Rolled\RS_30.bmp,Rolled
1425,../Data\Rolled\RS_300.bmp,Rolled
1426,../Data\Rolled\RS_31.bmp,Rolled
1427,../Data\Rolled\RS_32.bmp,Rolled
1428,../Data\Rolled\RS_33.bmp,Rolled
1429,../Data\Rolled\RS_34.bmp,Rolled
1430,../Data\Rolled\RS_35.bmp,Rolled
1431,../Data\Rolled\RS_36.bmp,Rolled
1432,../Data\Rolled\RS_37.bmp,Rolled
1433,../Data\Rolled\RS_38.bmp,Rolled
1434,../Data\Rolled\RS_39.bmp,Rolled
1435,../Data\Rolled\RS_4.bmp,Rolled
1436,../Data\Rolled\RS_40.bmp,Rolled
1437,../Data\Rolled\RS_41.bmp,Rolled
1438,../Data\Rolled\RS_42.bmp,Rolled
1439,../Data\Rolled\RS_43.bmp,Rolled
1440,../Data\Rolled\RS_44.bmp,Rolled
1441,../Data\Rolled\RS_45.bmp,Rolled
1442,../Data\Rolled\RS_46.bmp,Rolled
1443,../Data\Rolled\RS_47.bmp,Rolled
1444,../Data\Rolled\RS_48.bmp,Rolled
1445,../Data\Rolled\RS_49.bmp,Rolled
1446,../Data\Rolled\RS_5.bmp,Rolled
1447,../Data\Rolled\RS_50.bmp,Rolled
1448,../Data\Rolled\RS_51.bmp,Rolled
1449,../Data\Rolled\RS_52.bmp,Rolled
1450,../Data\Rolled\RS_53.bmp,Rolled
1451,../Data\Rolled\RS_54.bmp,Rolled
1452,../Data\Rolled\RS_55.bmp,Rolled
1453,../Data\Rolled\RS_56.bmp,Rolled
1454,../Data\Rolled\RS_57.bmp,Rolled
1455,../Data\Rolled\RS_58.bmp,Rolled
1456,../Data\Rolled\RS_59.bmp,Rolled
1457,../Data\Rolled\RS_6.bmp,Rolled
1458,../Data\Rolled\RS_60.bmp,Rolled
1459,../Data\Rolled\RS_61.bmp,Rolled
1460,../Data\Rolled\RS_62.bmp,Rolled
1461,../Data\Rolled\RS_63.bmp,Rolled
1462,../Data\Rolled\RS_64.bmp,Rolled
1463,../Data\Rolled\RS_65.bmp,Rolled
1464,../Data\Rolled\RS_66.bmp,Rolled
1465,../Data\Rolled\RS_67.bmp,Rolled
1466,../Data\Rolled\RS_68.bmp,Rolled
1467,../Data\Rolled\RS_69.bmp,Rolled
1468,../Data\Rolled\RS_7.bmp,Rolled
1469,../Data\Rolled\RS_70.bmp,Rolled
1470,../Data\Rolled\RS_71.bmp,Rolled
1471,../Data\Rolled\RS_72.bmp,Rolled
1472,../Data\Rolled\RS_73.bmp,Rolled
1473,../Data\Rolled\RS_74.bmp,Rolled
1474,../Data\Rolled\RS_75.bmp,Rolled
1475,../Data\Rolled\RS_76.bmp,Rolled
1476,../Data\Rolled\RS_77.bmp,Rolled
1477,../Data\Rolled\RS_78.bmp,Rolled
1478,../Data\Rolled\RS_79.bmp,Rolled
1479,../Data\Rolled\RS_8.bmp,Rolled
1480,../Data\Rolled\RS_80.bmp,Rolled
1481,../Data\Rolled\RS_81.bmp,Rolled
1482,../Data\Rolled\RS_82.bmp,Rolled
1483,../Data\Rolled\RS_83.bmp,Rolled
1484,../Data\Rolled\RS_84.bmp,Rolled
1485,../Data\Rolled\RS_85.bmp,Rolled
1486,../Data\Rolled\RS_86.bmp,Rolled
1487,../Data\Rolled\RS_87.bmp,Rolled
1488,../Data\Rolled\RS_88.bmp,Rolled
1489,../Data\Rolled\RS_89.bmp,Rolled
1490,../Data\Rolled\RS_9.bmp,Rolled
1491,../Data\Rolled\RS_90.bmp,Rolled
1492,../Data\Rolled\RS_91.bmp,Rolled
1493,../Data\Rolled\RS_92.bmp,Rolled
1494,../Data\Rolled\RS_93.bmp,Rolled
1495,../Data\Rolled\RS_94.bmp,Rolled
1496,../Data\Rolled\RS_95.bmp,Rolled
1497,../Data\Rolled\RS_96.bmp,Rolled
1498,../Data\Rolled\RS_97.bmp,Rolled
1499,../Data\Rolled\RS_98.bmp,Rolled
1500,../Data\Rolled\RS_99.bmp,Rolled
1501,../Data\Scratches\Sc_1.bmp,Scratches
1502,../Data\Scratches\Sc_10.bmp,Scratches
1503,../Data\Scratches\Sc_100.bmp,Scratches
1504,../Data\Scratches\Sc_101.bmp,Scratches
1505,../Data\Scratches\Sc_102.bmp,Scratches
1506,../Data\Scratches\Sc_103.bmp,Scratches
1507,../Data\Scratches\Sc_104.bmp,Scratches
1508,../Data\Scratches\Sc_105.bmp,Scratches
1509,../Data\Scratches\Sc_106.bmp,Scratches
1510,../Data\Scratches\Sc_107.bmp,Scratches
1511,../Data\Scratches\Sc_108.bmp,Scratches
1512,../Data\Scratches\Sc_109.bmp,Scratches
1513,../Data\Scratches\Sc_11.bmp,Scratches
1514,../Data\Scratches\Sc_110.bmp,Scratches
1515,../Data\Scratches\Sc_111.bmp,Scratches
1516,../Data\Scratches\Sc_112.bmp,Scratches
1517,../Data\Scratches\Sc_113.bmp,Scratches
1518,../Data\Scratches\Sc_114.bmp,Scratches
1519,../Data\Scratches\Sc_115.bmp,Scratches
1520,../Data\Scratches\Sc_116.bmp,Scratches
1521,../Data\Scratches\Sc_117.bmp,Scratches
1522,../Data\Scratches\Sc_118.bmp,Scratches
1523,../Data\Scratches\Sc_119.bmp,Scratches
1524,../Data\Scratches\Sc_12.bmp,Scratches
1525,../Data\Scratches\Sc_120.bmp,Scratches
1526,../Data\Scratches\Sc_121.bmp,Scratches
1527,../Data\Scratches\Sc_122.bmp,Scratches
1528,../Data\Scratches\Sc_123.bmp,Scratches
1529,../Data\Scratches\Sc_124.bmp,Scratches
1530,../Data\Scratches\Sc_125.bmp,Scratches
1531,../Data\Scratches\Sc_126.bmp,Scratches
1532,../Data\Scratches\Sc_127.bmp,Scratches
1533,../Data\Scratches\Sc_128.bmp,Scratches
1534,../Data\Scratches\Sc_129.bmp,Scratches
1535,../Data\Scratches\Sc_13.bmp,Scratches
1536,../Data\Scratches\Sc_130.bmp,Scratches
1537,../Data\Scratches\Sc_131.bmp,Scratches
1538,../Data\Scratches\Sc_132.bmp,Scratches
1539,../Data\Scratches\Sc_133.bmp,Scratches
1540,../Data\Scratches\Sc_134.bmp,Scratches
1541,../Data\Scratches\Sc_135.bmp,Scratches
1542,../Data\Scratches\Sc_136.bmp,Scratches
1543,../Data\Scratches\Sc_137.bmp,Scratches
1544,../Data\Scratches\Sc_138.bmp,Scratches
1545,../Data\Scratches\Sc_139.bmp,Scratches
1546,../Data\Scratches\Sc_14.bmp,Scratches
1547,../Data\Scratches\Sc_140.bmp,Scratches
1548,../Data\Scratches\Sc_141.bmp,Scratches
1549,../Data\Scratches\Sc_142.bmp,Scratches
1550,../Data\Scratches\Sc_143.bmp,Scratches
1551,../Data\Scratches\Sc_144.bmp,Scratches
1552,../Data\Scratches\Sc_145.bmp,Scratches
1553,../Data\Scratches\Sc_146.bmp,Scratches
1554,../Data\Scratches\Sc_147.bmp,Scratches
1555,../Data\Scratches\Sc_148.bmp,Scratches
1556,../Data\Scratches\Sc_149.bmp,Scratches
1557,../Data\Scratches\Sc_15.bmp,Scratches
1558,../Data\Scratches\Sc_150.bmp,Scratches
1559,../Data\Scratches\Sc_151.bmp,Scratches
1560,../Data\Scratches\Sc_152.bmp,Scratches
1561,../Data\Scratches\Sc_153.bmp,Scratches
1562,../Data\Scratches\Sc_154.bmp,Scratches
1563,../Data\Scratches\Sc_155.bmp,Scratches
1564,../Data\Scratches\Sc_156.bmp,Scratches
1565,../Data\Scratches\Sc_157.bmp,Scratches
1566,../Data\Scratches\Sc_158.bmp,Scratches
1567,../Data\Scratches\Sc_159.bmp,Scratches
1568,../Data\Scratches\Sc_16.bmp,Scratches
1569,../Data\Scratches\Sc_160.bmp,Scratches
1570,../Data\Scratches\Sc_161.bmp,Scratches
1571,../Data\Scratches\Sc_162.bmp,Scratches
1572,../Data\Scratches\Sc_163.bmp,Scratches
1573,../Data\Scratches\Sc_164.bmp,Scratches
1574,../Data\Scratches\Sc_165.bmp,Scratches
1575,../Data\Scratches\Sc_166.bmp,Scratches
1576,../Data\Scratches\Sc_167.bmp,Scratches
1577,../Data\Scratches\Sc_168.bmp,Scratches
1578,../Data\Scratches\Sc_169.bmp,Scratches
1579,../Data\Scratches\Sc_17.bmp,Scratches
1580,../Data\Scratches\Sc_170.bmp,Scratches
1581,../Data\Scratches\Sc_171.bmp,Scratches
1582,../Data\Scratches\Sc_172.bmp,Scratches
1583,../Data\Scratches\Sc_173.bmp,Scratches
1584,../Data\Scratches\Sc_174.bmp,Scratches
1585,../Data\Scratches\Sc_175.bmp,Scratches
1586,../Data\Scratches\Sc_176.bmp,Scratches
1587,../Data\Scratches\Sc_177.bmp,Scratches
1588,../Data\Scratches\Sc_178.bmp,Scratches
1589,../Data\Scratches\Sc_179.bmp,Scratches
1590,../Data\Scratches\Sc_18.bmp,Scratches
1591,../Data\Scratches\Sc_180.bmp,Scratches
1592,../Data\Scratches\Sc_181.bmp,Scratches
1593,../Data\Scratches\Sc_182.bmp,Scratches
1594,../Data\Scratches\Sc_183.bmp,Scratches
1595,../Data\Scratches\Sc_184.bmp,Scratches
1596,../Data\Scratches\Sc_185.bmp,Scratches
1597,../Data\Scratches\Sc_186.bmp,Scratches
1598,../Data\Scratches\Sc_187.bmp,Scratches
1599,../Data\Scratches\Sc_188.bmp,Scratches
1600,../Data\Scratches\Sc_189.bmp,Scratches
1601,../Data\Scratches\Sc_19.bmp,Scratches
1602,../Data\Scratches\Sc_190.bmp,Scratches
1603,../Data\Scratches\Sc_191.bmp,Scratches
1604,../Data\Scratches\Sc_192.bmp,Scratches
1605,../Data\Scratches\Sc_193.bmp,Scratches
1606,../Data\Scratches\Sc_194.bmp,Scratches
1607,../Data\Scratches\Sc_195.bmp,Scratches
1608,../Data\Scratches\Sc_196.bmp,Scratches
1609,../Data\Scratches\Sc_197.bmp,Scratches
1610,../Data\Scratches\Sc_198.bmp,Scratches
1611,../Data\Scratches\Sc_199.bmp,Scratches
1612,../Data\Scratches\Sc_2.bmp,Scratches
1613,../Data\Scratches\Sc_20.bmp,Scratches
1614,../Data\Scratches\Sc_200.bmp,Scratches
1615,../Data\Scratches\Sc_201.bmp,Scratches
1616,../Data\Scratches\Sc_202.bmp,Scratches
1617,../Data\Scratches\Sc_203.bmp,Scratches
1618,../Data\Scratches\Sc_204.bmp,Scratches
1619,../Data\Scratches\Sc_205.bmp,Scratches
1620,../Data\Scratches\Sc_206.bmp,Scratches
1621,../Data\Scratches\Sc_207.bmp,Scratches
1622,../Data\Scratches\Sc_208.bmp,Scratches
1623,../Data\Scratches\Sc_209.bmp,Scratches
1624,../Data\Scratches\Sc_21.bmp,Scratches
1625,../Data\Scratches\Sc_210.bmp,Scratches
1626,../Data\Scratches\Sc_211.bmp,Scratches
1627,../Data\Scratches\Sc_212.bmp,Scratches
1628,../Data\Scratches\Sc_213.bmp,Scratches
1629,../Data\Scratches\Sc_214.bmp,Scratches
1630,../Data\Scratches\Sc_215.bmp,Scratches
1631,../Data\Scratches\Sc_216.bmp,Scratches
1632,../Data\Scratches\Sc_217.bmp,Scratches
1633,../Data\Scratches\Sc_218.bmp,Scratches
1634,../Data\Scratches\Sc_219.bmp,Scratches
1635,../Data\Scratches\Sc_22.bmp,Scratches
1636,../Data\Scratches\Sc_220.bmp,Scratches
1637,../Data\Scratches\Sc_221.bmp,Scratches
1638,../Data\Scratches\Sc_222.bmp,Scratches
1639,../Data\Scratches\Sc_223.bmp,Scratches
1640,../Data\Scratches\Sc_224.bmp,Scratches
1641,../Data\Scratches\Sc_225.bmp,Scratches
1642,../Data\Scratches\Sc_226.bmp,Scratches
1643,../Data\Scratches\Sc_227.bmp,Scratches
1644,../Data\Scratches\Sc_228.bmp,Scratches
1645,../Data\Scratches\Sc_229.bmp,Scratches
1646,../Data\Scratches\Sc_23.bmp,Scratches
1647,../Data\Scratches\Sc_230.bmp,Scratches
1648,../Data\Scratches\Sc_231.bmp,Scratches
1649,../Data\Scratches\Sc_232.bmp,Scratches
1650,../Data\Scratches\Sc_233.bmp,Scratches
1651,../Data\Scratches\Sc_234.bmp,Scratches
1652,../Data\Scratches\Sc_235.bmp,Scratches
1653,../Data\Scratches\Sc_236.bmp,Scratches
1654,../Data\Scratches\Sc_237.bmp,Scratches
1655,../Data\Scratches\Sc_238.bmp,Scratches
1656,../Data\Scratches\Sc_239.bmp,Scratches
1657,../Data\Scratches\Sc_24.bmp,Scratches
1658,../Data\Scratches\Sc_240.bmp,Scratches
1659,../Data\Scratches\Sc_241.bmp,Scratches
1660,../Data\Scratches\Sc_242.bmp,Scratches
1661,../Data\Scratches\Sc_243.bmp,Scratches
1662,../Data\Scratches\Sc_244.bmp,Scratches
1663,../Data\Scratches\Sc_245.bmp,Scratches
1664,../Data\Scratches\Sc_246.bmp,Scratches
1665,../Data\Scratches\Sc_247.bmp,Scratches
1666,../Data\Scratches\Sc_248.bmp,Scratches
1667,../Data\Scratches\Sc_249.bmp,Scratches
1668,../Data\Scratches\Sc_25.bmp,Scratches
1669,../Data\Scratches\Sc_250.bmp,Scratches
1670,../Data\Scratches\Sc_251.bmp,Scratches
1671,../Data\Scratches\Sc_252.bmp,Scratches
1672,../Data\Scratches\Sc_253.bmp,Scratches
1673,../Data\Scratches\Sc_254.bmp,Scratches
1674,../Data\Scratches\Sc_255.bmp,Scratches
1675,../Data\Scratches\Sc_256.bmp,Scratches
1676,../Data\Scratches\Sc_257.bmp,Scratches
1677,../Data\Scratches\Sc_258.bmp,Scratches
1678,../Data\Scratches\Sc_259.bmp,Scratches
1679,../Data\Scratches\Sc_26.bmp,Scratches
1680,../Data\Scratches\Sc_260.bmp,Scratches
1681,../Data\Scratches\Sc_261.bmp,Scratches
1682,../Data\Scratches\Sc_262.bmp,Scratches
1683,../Data\Scratches\Sc_263.bmp,Scratches
1684,../Data\Scratches\Sc_264.bmp,Scratches
1685,../Data\Scratches\Sc_265.bmp,Scratches
1686,../Data\Scratches\Sc_266.bmp,Scratches
1687,../Data\Scratches\Sc_267.bmp,Scratches
1688,../Data\Scratches\Sc_268.bmp,Scratches
1689,../Data\Scratches\Sc_269.bmp,Scratches
1690,../Data\Scratches\Sc_27.bmp,Scratches
1691,../Data\Scratches\Sc_270.bmp,Scratches
1692,../Data\Scratches\Sc_271.bmp,Scratches
1693,../Data\Scratches\Sc_272.bmp,Scratches
1694,../Data\Scratches\Sc_273.bmp,Scratches
1695,../Data\Scratches\Sc_274.bmp,Scratches
1696,../Data\Scratches\Sc_275.bmp,Scratches
1697,../Data\Scratches\Sc_276.bmp,Scratches
1698,../Data\Scratches\Sc_277.bmp,Scratches
1699,../Data\Scratches\Sc_278.bmp,Scratches
1700,../Data\Scratches\Sc_279.bmp,Scratches
1701,../Data\Scratches\Sc_28.bmp,Scratches
1702,../Data\Scratches\Sc_280.bmp,Scratches
1703,../Data\Scratches\Sc_281.bmp,Scratches
1704,../Data\Scratches\Sc_282.bmp,Scratches
1705,../Data\Scratches\Sc_283.bmp,Scratches
1706,../Data\Scratches\Sc_284.bmp,Scratches
1707,../Data\Scratches\Sc_285.bmp,Scratches
1708,../Data\Scratches\Sc_286.bmp,Scratches
1709,../Data\Scratches\Sc_287.bmp,Scratches
1710,../Data\Scratches\Sc_288.bmp,Scratches
1711,../Data\Scratches\Sc_289.bmp,Scratches
1712,../Data\Scratches\Sc_29.bmp,Scratches
1713,../Data\Scratches\Sc_290.bmp,Scratches
1714,../Data\Scratches\Sc_291.bmp,Scratches
1715,../Data\Scratches\Sc_292.bmp,Scratches
1716,../Data\Scratches\Sc_293.bmp,Scratches
1717,../Data\Scratches\Sc_294.bmp,Scratches
1718,../Data\Scratches\Sc_295.bmp,Scratches
1719,../Data\Scratches\Sc_296.bmp,Scratches
1720,../Data\Scratches\Sc_297.bmp,Scratches
1721,../Data\Scratches\Sc_298.bmp,Scratches
1722,../Data\Scratches\Sc_299.bmp,Scratches
1723,../Data\Scratches\Sc_3.bmp,Scratches
1724,../Data\Scratches\Sc_30.bmp,Scratches
1725,../Data\Scratches\Sc_300.bmp,Scratches
1726,../Data\Scratches\Sc_31.bmp,Scratches
1727,../Data\Scratches\Sc_32.bmp,Scratches
1728,../Data\Scratches\Sc_33.bmp,Scratches
1729,../Data\Scratches\Sc_34.bmp,Scratches
1730,../Data\Scratches\Sc_35.bmp,Scratches
1731,../Data\Scratches\Sc_36.bmp,Scratches
1732,../Data\Scratches\Sc_37.bmp,Scratches
1733,../Data\Scratches\Sc_38.bmp,Scratches
1734,../Data\Scratches\Sc_39.bmp,Scratches
1735,../Data\Scratches\Sc_4.bmp,Scratches
1736,../Data\Scratches\Sc_40.bmp,Scratches
1737,../Data\Scratches\Sc_41.bmp,Scratches
1738,../Data\Scratches\Sc_42.bmp,Scratches
1739,../Data\Scratches\Sc_43.bmp,Scratches
1740,../Data\Scratches\Sc_44.bmp,Scratches
1741,../Data\Scratches\Sc_45.bmp,Scratches
1742,../Data\Scratches\Sc_46.bmp,Scratches
1743,../Data\Scratches\Sc_47.bmp,Scratches
1744,../Data\Scratches\Sc_48.bmp,Scratches
1745,../Data\Scratches\Sc_49.bmp,Scratches
1746,../Data\Scratches\Sc_5.bmp,Scratches
1747,../Data\Scratches\Sc_50.bmp,Scratches
1748,../Data\Scratches\Sc_51.bmp,Scratches
1749,../Data\Scratches\Sc_52.bmp,Scratches
1750,../Data\Scratches\Sc_53.bmp,Scratches
1751,../Data\Scratches\Sc_54.bmp,Scratches
1752,../Data\Scratches\Sc_55.bmp,Scratches
1753,../Data\Scratches\Sc_56.bmp,Scratches
1754,../Data\Scratches\Sc_57.bmp,Scratches
1755,../Data\Scratches\Sc_58.bmp,Scratches
1756,../Data\Scratches\Sc_59.bmp,Scratches
1757,../Data\Scratches\Sc_6.bmp,Scratches
1758,../Data\Scratches\Sc_60.bmp,Scratches
1759,../Data\Scratches\Sc_61.bmp,Scratches
1760,../Data\Scratches\Sc_62.bmp,Scratches
1761,../Data\Scratches\Sc_63.bmp,Scratches
1762,../Data\Scratches\Sc_64.bmp,Scratches
1763,../Data\Scratches\Sc_65.bmp,Scratches
1764,../Data\Scratches\Sc_66.bmp,Scratches
1765,../Data\Scratches\Sc_67.bmp,Scratches
1766,../Data\Scratches\Sc_68.bmp,Scratches
1767,../Data\Scratches\Sc_69.bmp,Scratches
1768,../Data\Scratches\Sc_7.bmp,Scratches
1769,../Data\Scratches\Sc_70.bmp,Scratches
1770,../Data\Scratches\Sc_71.bmp,Scratches
1771,../Data\Scratches\Sc_72.bmp,Scratches
1772,../Data\Scratches\Sc_73.bmp,Scratches
1773,../Data\Scratches\Sc_74.bmp,Scratches
1774,../Data\Scratches\Sc_75.bmp,Scratches
1775,../Data\Scratches\Sc_76.bmp,Scratches
1776,../Data\Scratches\Sc_77.bmp,Scratches
1777,../Data\Scratches\Sc_78.bmp,Scratches
1778,../Data\Scratches\Sc_79.bmp,Scratches
1779,../Data\Scratches\Sc_8.bmp,Scratches
1780,../Data\Scratches\Sc_80.bmp,Scratches
1781,../Data\Scratches\Sc_81.bmp,Scratches
1782,../Data\Scratches\Sc_82.bmp,Scratches
1783,../Data\Scratches\Sc_83.bmp,Scratches
1784,../Data\Scratches\Sc_84.bmp,Scratches
1785,../Data\Scratches\Sc_85.bmp,Scratches
1786,../Data\Scratches\Sc_86.bmp,Scratches
1787,../Data\Scratches\Sc_87.bmp,Scratches
1788,../Data\Scratches\Sc_88.bmp,Scratches
1789,../Data\Scratches\Sc_89.bmp,Scratches
1790,../Data\Scratches\Sc_9.bmp,Scratches
1791,../Data\Scratches\Sc_90.bmp,Scratches
1792,../Data\Scratches\Sc_91.bmp,Scratches
1793,../Data\Scratches\Sc_92.bmp,Scratches
1794,../Data\Scratches\Sc_93.bmp,Scratches
1795,../Data\Scratches\Sc_94.bmp,Scratches
1796,../Data\Scratches\Sc_95.bmp,Scratches
1797,../Data\Scratches\Sc_96.bmp,Scratches
1798,../Data\Scratches\Sc_97.bmp,Scratches
1799,../Data\Scratches\Sc_98.bmp,Scratches
1800,../Data\Scratches\Sc_99.bmp,Scratches
