id,password
9TOLqc7u,X3eUrRID
9ZtnP1fW,SCYX4Mcq
0o6gWnCh,Mj2cKfBe
6vuRcWNI,Jhy0Tb8V
CAcdjxFp,mLpKBF9H
MHkavWUL,t_YPzh9Q
NmITSdHy,B0mLEMPi
vNIX0wuJ,DksNULW0
bUtypYMA,YyIu4SwB
agKrliMc,kiZzOl82
ULMD14sc,0eLANu3f
SRxjrehB,QzRVd_eM
S1Amz4aN,qEBNaQul
hgI4oOzv,ZrMTmnsS
G6uQxkdX,OT2vB4Jx
QekD4j8T,G5W.ICe3
BsDvneAR,eKwCMt_r
EyDlngbp,ADhlTXH3
FqgQGOTw,m3MU.rhY
Ldbfepmj,wkaohFNQ
kMOWlaCd,VqAjLXSU
8IeP67nA,MSihsydA
BvhedC5O,OLlY.moF
sadh7MZ5,8QBDqltU
6p9IPxqD,WvUadYR0
unaBZK70,KUouOIr1
bnTsViPW,rP4k.It0
ydMTvbDu,Gvw6D7lR
QIHPchjn,QVLnjFpf
Iok2WwlN,l8VsSAY5
Inq2bhpu,LOkSuE3i
Q6ro9vT0,wLGyJnfi
RgaEzA3r,no_zUSE.
pk9zJ3qV,DVINTv5O
PYg97tx4,kjGwFn7g
K5eOjYdc,mreusTwL
OQ6VXem3,lQKL3XJT
DMerYwQc,zTcF0lVH
P0jL7Klb,XsHaZ683
04zFN2GH,rKotBv_d
qobzWE64,pjnVkIzt
gUpSBaX1,.pXIGUdB
nmsCS6uc,3uz7YmoU
I8VLNGfg,YZDFjBq7
4YchaioS,Z3GB5lO7
iB5wgazF,fZRYxV2y
9INQpJoG,v680mcu.
dhXs1zQL,gc.OBXb3
05yGEo2q,xXSCsPdL
LWMOwzhP,yEfVvFSM
7y53SzMr,GqL0ESkj
xBLeCVa4,rwvB2kj9
CRNgs1jz,t_hrsbRT
fXzEZwy1,rSjEtDIR
ROWlqMUk,wpgTlk2s
NvPhyXRB,GBYyWLXe
EZMpBxVr,DsvQ0Yqr
LTMAJb0R,IZaw4QGF
W89vA2ex,ga_Xvdpf
izd4Y8ps,mSujOTCQ
jVb1QYKE,dfs5LK1S
NOSdMbvf,4d3KeSPt
gvRfrjwV,xGLhM1Sr
qxgXrdcZ,qi56Fnha
4OPRY1DH,07QOVpJX
2ALwvkG4,akMPeWdR
qeLvWZuA,QJB8zK01
v6cCajrt,vS9MYQn2
1q5xE4DC,d5cRJqHj
kFpKbj8L,_hVXGdex
xQVBpbYw,JpP0a5YR
HKb0if28,V0H54aLG
HyaqS5R0,6R50dEt4
6FO8coZM,Gy4g8uZB
TkJK2ZpV,OghR9kDW
9pvQKcMw,iolf0US5
bVeyFg4j,QmYqjLC5
yPLjKped,Mf2gjKZ5
zSr9DhF3,CiayFlEn
mDOoS7RZ,R1HB0GSi
CuUhxOiP,xyAZHmXd
k59WAdfu,SJCeZUGh
5seyJkKu,w4BF1paY
otFpU1P2,69GvX.2w
wjp9UogC,pga0tSGl
5JapxDl3,kfdgE4JB
mZecYlH2,Cwh5Zn.f
MDAU1I2j,vcrt3EjH
4oXDkYBQ,vEiuIH3O
b2OyzanD,nkosE9Br
dTt98DRQ,rERuVnh0
ErXhvSJP,HQemFi6j
yOLh8JP2,N3wWF9Vd
LT5bEHYk,Om1w0KLv
75M6DUCx,7ACm58QM
w2QgvksH,E_1TOd9A
AtBr0VTa,gC.WcFeE
PF7V30sk,FgYW1xHi
P2DOBfW9,259bWh3y
5l6xqyem,_2TvKYdl
